clave,fecha,lat,lon,CRW_SST,CRW_SSTANOMALY,CRW_HOTSPOT,CRW_DHW,estado
2022-05-17|2.475|104.525,2022-05-17,2.471194,104.510556,30.07,0.45,0.43,0.3,ok
2022-08-23|2.525|103.975,2022-08-23,2.548556,103.960028,29.36,0.8300000000000001,-0.24,0.0,ok
2022-05-16|2.475|104.525,2022-05-16,2.472806,104.508028,30.05,0.42,0.41000000000000003,0.3,ok
2021-04-01|-16.525|-151.725,2021-04-01,-16.549056,-151.703778,29.150000000000002,0.32,0.21,0.0,vecino
2026-04-27|18.375|-68.875,2026-04-27,18.369444,-68.853417,27.72,0.87,-0.81,0.0,ok
2025-12-10|-13.325|48.125,2025-12-10,-13.305417,48.116111,29.37,1.03,0.23,0.0,ok
2025-07-16|-8.725|115.575,2025-07-16,-8.706111,115.586111,28.13,1.17,-0.42,1.48,ok
2021-05-06|-8.725|115.925,2021-05-06,-8.726000,115.910056,29.19,0.75,0.51,0.0,ok
2024-04-19|2.925|104.125,2024-04-19,2.910833,104.112556,29.810000000000002,0.35000000000000003,0.22,0.33,ok
2021-05-15|13.325|-81.375,2021-05-15,13.312833,-81.374333,27.96,0.33,-0.49,0.0,ok
2024-08-17|4.575|118.925,2024-08-17,4.584944,118.940889,29.96,1.4000000000000001,0.73,0.33,ok
2022-06-11|4.825|103.675,2022-06-11,4.812806,103.675944,29.7,0.4,0.1,0.29,ok
2021-06-03|10.125|99.825,2021-06-03,10.121028,99.834861,30.560000000000002,0.79,0.43,0.8300000000000001,ok
2021-05-26|-8.675|115.525,2021-05-26,-8.676389,115.530028,29.45,1.46,0.9,0.0,ok
2022-08-05|-8.675|115.475,2022-08-05,-8.663333,115.466944,27.810000000000002,1.22,-0.67,2.81,ok
2021-08-29|4.575|118.925,2021-08-29,4.579306,118.940250,29.45,0.81,0.22,0.0,ok
2023-09-05|4.025|72.825,2023-09-05,4.017061,72.805231,29.02,0.56,-0.53,0.0,ok
2024-08-22|10.125|99.725,2024-08-22,10.116333,99.728722,30.21,1.51,0.1,0.63,ok
2023-05-06|2.675|103.925,2023-05-06,2.673400,103.904400,30.03,0.45,0.42,0.16,ok
2022-10-27|-16.525|-151.725,2022-10-27,-16.549056,-151.703778,26.97,-0.23,-1.97,0.0,vecino
2021-11-02|4.925|118.275,2021-11-02,4.948694,118.251278,30.44,1.31,0.7000000000000001,0.0,ok
2021-06-16|-8.675|115.475,2021-06-16,-8.682308,115.483022,29.04,1.3800000000000001,0.56,0.0,ok
2024-09-30|5.775|102.875,2024-09-30,5.796778,102.899639,29.990000000000002,1.04,0.05,0.0,ok
2023-05-17|2.575|104.325,2023-05-17,2.570611,104.321778,30.3,0.73,0.7000000000000001,0.0,ok
2022-07-22|5.925|102.775,2022-07-22,5.914444,102.754056,29.78,0.46,-0.16,0.17,ok
2023-10-04|-23.425|151.925,2023-10-04,-23.441611,151.904806,23.1,0.79,-4.0200000000000005,0.0,ok
2025-04-04|19.625|-156.025,2025-04-04,19.647250,-156.022833,25.54,0.92,-1.7,0.0,ok
2023-09-12|2.525|103.975,2023-09-12,2.549611,103.961417,28.79,0.19,-0.81,0.0,ok
2022-10-06|-27.925|153.425,2022-10-06,-27.931717,153.419093,21.92,0.8,-4.13,0.0,ok
2023-02-28|4.025|100.525,2023-02-28,4.002694,100.546694,29.490000000000002,0.47000000000000003,-0.27,0.0,ok
2022-05-05|-27.925|153.425,2022-05-05,-27.939722,153.420833,24.810000000000002,1.01,-1.24,0.0,ok
2024-07-12|4.925|118.275,2024-07-12,4.941556,118.282417,29.82,1.01,0.08,8.96,ok
2024-06-25|4.125|118.625,2024-06-25,4.105694,118.628694,29.67,0.76,0.43,4.37,ok
2023-09-30|6.575|117.925,2023-09-30,6.562111,117.920167,30.07,0.79,0.67,3.83,ok
2024-06-12|17.225|-62.675,2024-06-12,17.223111,-62.660639,29.54,2.14,1.1500000000000001,0.9500000000000001,ok
2023-06-19|-27.425|153.525,2023-06-19,-27.414319,153.525268,21.85,-0.29,-4.33,0.0,ok
2025-04-03|-16.475|-151.775,2025-04-03,-16.499417,-151.783972,29.240000000000002,0.42,0.3,0.0,ok
2026-05-23|19.375|-155.875,2026-05-23,19.378417,-155.898611,26.46,1.12,-0.73,0.0,ok
2023-08-25|5.625|103.075,2023-08-25,5.615194,103.057222,30.07,1.1300000000000001,0.2,0.0,ok
2024-04-29|2.675|103.875,2024-04-29,2.655056,103.880194,31.28,1.72,1.6600000000000001,4.14,ok
2022-11-09|4.125|118.625,2022-11-09,4.118944,118.634250,29.5,0.75,0.26,0.15,ok
2022-03-09|4.025|100.525,2022-03-09,4.002694,100.546694,29.71,0.56,-0.05,0.0,ok
2025-11-19|5.175|115.125,2025-11-19,5.179944,115.148139,29.830000000000002,0.58,0.08,0.0,ok
2024-04-17|2.425|101.875,2024-04-17,2.426972,101.855528,30.26,0.72,0.11,0.0,vecino
2022-08-12|2.475|103.975,2022-08-12,2.473611,103.964472,29.330000000000002,0.78,-0.28,0.0,ok
2024-05-04|2.725|104.225,2024-05-04,2.741528,104.217806,30.93,1.41,1.34,2.85,ok
2023-11-22|6.175|118.125,2023-11-22,6.163417,118.108056,29.89,1.07,0.55,11.790000000000001,ok
2024-04-27|2.875|104.175,2024-04-27,2.874278,104.187556,30.990000000000002,1.49,1.4000000000000001,1.6300000000000001,ok
2025-06-28|4.225|118.675,2025-06-28,4.210250,118.679944,29.59,0.75,0.37,2.41,ok
2021-03-20|13.325|-81.375,2021-03-20,13.315250,-81.374306,27.0,0.24,-1.45,0.0,ok
2024-09-26|-16.475|-151.775,2024-09-26,-16.499417,-151.783972,27.43,0.61,-1.51,0.0,ok
2023-11-06|2.025|102.325,2023-11-06,2.047806,102.335306,30.67,1.72,0.64,0.0,ok
2023-06-09|18.475|-66.025,2023-06-09,18.450389,-66.019361,28.98,1.61,0.46,0.0,ok
2025-10-13|21.725|39.075,2025-10-13,21.709111,39.083083,29.95,-0.4,-0.6900000000000001,4.75,vecino
2022-08-12|4.525|118.925,2022-08-12,4.504194,118.941722,29.45,0.91,0.23,0.0,ok
2024-07-05|-8.675|115.425,2024-07-05,-8.675833,115.438889,28.09,1.1,-0.38,2.82,ok
2021-09-06|2.475|104.525,2021-09-06,2.460278,104.526444,29.27,0.65,-0.37,0.0,ok
2025-12-06|-16.475|-151.725,2025-12-06,-16.491778,-151.709972,27.98,0.25,-0.96,0.0,ok
2021-08-17|2.425|101.875,2021-08-17,2.414028,101.850694,29.98,0.56,-0.17,0.0,vecino
2023-06-27|2.475|103.975,2023-06-27,2.480917,103.956250,29.490000000000002,0.39,-0.12,0.48,ok
2024-09-30|19.675|-156.025,2024-09-30,19.670389,-156.029167,26.88,-0.29,-0.36,0.0,vecino
2022-09-12|2.525|103.975,2022-09-12,2.524389,103.974250,29.330000000000002,0.73,-0.27,0.0,ok
2023-07-14|4.825|103.675,2023-07-14,4.812806,103.675944,29.95,1.12,0.35000000000000003,1.33,ok
2022-12-11|6.175|118.125,2022-12-11,6.169861,118.108944,29.44,1.02,0.1,0.3,ok
2021-08-17|2.275|104.125,2021-08-17,2.271167,104.127333,29.0,0.47000000000000003,-0.6,0.0,ok
2022-04-20|12.475|-61.475,2022-04-20,12.485806,-61.482694,27.11,0.41000000000000003,-1.35,0.0,ok
2025-09-12|4.925|118.225,2025-09-12,4.907389,118.243250,29.96,1.01,0.21,0.0,ok
2023-07-17|25.175|34.825,2023-07-17,25.175278,34.844028,30.53,2.69,1.8,1.48,ok
2023-07-03|2.575|103.975,2023-07-03,2.553250,103.958139,29.28,0.27,-0.32,0.49,ok
2022-03-28|-16.525|-151.775,2022-03-28,-16.539667,-151.788722,28.7,-0.16,-0.24,0.0,ok
2024-07-23|24.925|34.975,2024-07-23,24.928611,34.963472,31.36,3.09,2.41,5.13,ok
2022-03-11|-8.725|115.925,2022-03-11,-8.726000,115.910056,29.26,0.96,0.58,0.0,ok
2025-04-12|5.225|103.275,2025-04-12,5.229750,103.267972,29.62,0.4,-0.04,0.0,ok
2022-02-27|-19.175|146.875,2022-02-27,-19.154300,146.866050,30.57,2.19,1.75,6.87,ok
2021-10-27|6.175|118.125,2021-10-27,6.169861,118.108944,29.69,0.52,0.35000000000000003,1.6,ok
2022-11-16|-8.325|116.025,2022-11-16,-8.344750,116.024667,29.73,0.9400000000000001,0.66,0.32,ok
2024-07-03|2.525|103.975,2024-07-03,2.549917,103.958278,29.69,0.67,0.09,5.94,ok
2021-07-31|5.925|102.725,2021-07-31,5.910611,102.709806,30.03,0.76,0.08,0.3,ok
2023-05-16|2.475|104.475,2023-05-16,2.459889,104.489306,30.080000000000002,0.46,0.45,0.15,ok
2024-12-13|19.425|-155.925,2024-12-13,19.423610,-155.911930,25.78,0.17,-1.43,0.0,ok
2024-10-01|5.775|102.925,2024-10-01,5.787500,102.902444,29.94,1.0,0.01,0.0,ok
2022-09-28|2.475|103.975,2022-09-28,2.451722,103.985056,28.82,0.12,-0.79,0.0,ok
2021-04-02|4.225|118.675,2021-04-02,4.210250,118.679944,29.46,0.88,0.24,0.0,ok
2021-04-06|6.375|116.325,2021-04-06,6.354417,116.311111,28.28,0.04,-1.78,0.0,ok
2025-07-20|25.225|34.775,2025-07-20,25.246500,34.798000,29.97,2.09,1.28,1.9100000000000001,ok
2021-08-10|25.225|34.775,2021-08-10,25.243972,34.798611,30.86,2.33,2.17,2.91,ok
2023-04-26|18.375|-68.875,2023-04-26,18.369111,-68.852472,27.55,0.72,-0.98,0.0,ok
2023-05-21|2.425|103.975,2023-05-21,2.444528,103.988500,29.45,-0.09,-0.16,0.31,ok
2024-10-27|2.525|103.975,2024-10-27,2.515556,103.977528,30.36,1.52,0.76,0.0,ok
2025-03-26|-4.525|129.925,2025-03-26,-4.513056,129.944722,29.71,0.88,0.53,1.07,ok
2023-08-29|17.925|-71.675,2023-08-29,17.928000,-71.661806,30.44,1.67,1.54,3.95,ok
2026-05-16|19.975|-155.825,2026-05-16,19.970389,-155.846694,26.17,1.04,-1.05,0.0,vecino
2022-05-23|-16.475|-151.775,2022-05-23,-16.499028,-151.757333,28.35,0.19,-0.59,0.0,ok
2024-07-28|-26.825|32.875,2024-07-28,-26.817392,32.895066,24.080000000000002,1.56,-2.89,0.0,ok
2022-11-10|4.125|118.625,2022-11-10,4.109278,118.625667,29.63,0.88,0.39,0.15,ok
2022-10-04|4.625|118.775,2022-10-04,4.602250,118.768167,29.98,1.1500000000000001,0.68,0.0,ok
2025-07-25|-8.675|115.475,2025-07-25,-8.666944,115.467778,27.43,0.6900000000000001,-1.05,1.77,ok
2023-07-31|5.725|102.975,2023-07-31,5.740194,102.999556,29.95,0.8,0.03,1.23,ok
2025-05-24|-8.325|116.025,2025-05-24,-8.338080,116.032770,30.13,1.41,1.06,0.44,ok
2021-08-13|-26.625|153.175,2021-08-13,-26.645000,153.160806,20.41,0.31,-5.8100000000000005,0.0,ok
2023-11-15|5.975|116.025,2023-11-15,5.973889,116.012500,30.95,1.68,0.88,0.0,ok
2022-09-27|-27.525|153.375,2022-09-27,-27.516556,153.382861,21.35,0.47000000000000003,-4.71,0.0,ok
2024-10-09|3.875|73.475,2024-10-09,3.884616,73.468356,29.16,0.91,-0.51,0.0,ok
2024-04-05|-4.525|129.875,2024-04-05,-4.511389,129.871111,30.0,1.04,0.8200000000000001,1.06,ok
2021-05-11|-28.125|153.475,2021-05-11,-28.109167,153.475833,23.52,-0.16,-2.61,0.0,ok
2025-07-20|-8.675|115.525,2025-07-20,-8.676389,115.525556,28.14,1.24,-0.41000000000000003,1.62,ok
2023-06-21|4.125|118.625,2023-06-21,4.104306,118.635167,29.69,0.72,0.45,2.2600000000000002,ok
2025-12-20|21.725|39.075,2025-12-20,21.732139,39.068778,27.27,-0.01,-3.37,0.0,vecino
2024-07-29|2.525|103.975,2024-07-29,2.524389,103.974250,29.29,0.59,-0.31,1.93,ok
2022-11-13|-18.675|146.525,2022-11-13,-18.668944,146.507028,27.84,0.77,-0.91,0.0,ok
2021-08-16|12.525|-81.725,2021-08-16,12.502167,-81.733194,28.66,0.68,0.24,0.0,ok
2024-09-08|4.925|118.275,2024-09-08,4.937917,118.274389,30.16,1.23,0.42,0.0,ok
2021-03-18|10.125|99.825,2021-03-18,10.121028,99.834861,28.740000000000002,-0.19,-1.3900000000000001,0.0,ok
2023-06-19|2.475|103.975,2023-06-19,2.477861,103.966528,29.45,0.25,-0.16,0.48,ok
2021-11-09|-23.425|151.925,2021-11-09,-23.441111,151.910500,24.7,0.66,-2.42,0.0,ok
2022-12-10|6.175|118.075,2022-12-10,6.180222,118.063389,29.53,1.08,0.16,0.31,ok
2025-12-10|21.025|-156.625,2025-12-10,21.014806,-156.638667,25.900000000000002,0.73,-0.92,0.0,ok
2023-06-17|5.225|103.275,2023-06-17,5.229750,103.267972,29.64,0.34,-0.02,0.48,ok
2023-07-25|2.225|104.075,2023-07-25,2.231000,104.052167,29.1,0.3,-0.5,0.18,ok
2024-05-14|2.475|103.975,2024-05-14,2.473611,103.964472,30.78,1.18,1.17,7.01,ok
2024-08-19|24.925|34.975,2024-08-19,24.919444,34.977000,31.27,2.42,2.32,15.81,ok
2023-09-05|-16.525|-151.725,2023-09-05,-16.534778,-151.729861,26.79,0.13,-2.15,0.0,vecino
2023-02-27|-26.825|153.125,2023-02-27,-26.805957,153.129785,26.04,0.13,-0.16,0.0,ok
2021-03-20|-18.575|146.475,2021-03-20,-18.576900,146.466867,28.990000000000002,1.1300000000000001,0.2,0.15,ok
2022-09-10|24.575|54.425,2022-09-10,24.598861,54.421306,32.64,-0.6,-1.24,0.0,ok
2024-07-07|4.825|103.675,2024-07-07,4.817278,103.679250,29.97,1.03,0.37,9.34,ok
2024-09-07|18.375|-68.825,2024-09-07,18.365951,-68.848883,29.67,1.19,1.1300000000000001,8.44,vecino
2025-03-21|-8.675|115.525,2025-03-21,-8.676667,115.528333,28.94,0.61,0.39,0.0,ok
2023-09-18|2.575|103.925,2023-09-18,2.561222,103.942778,29.12,0.48,-0.49,0.0,ok
2022-07-20|25.475|34.675,2022-07-20,25.470000,34.682361,29.09,1.4000000000000001,0.53,0.0,ok
2025-07-17|-8.675|115.525,2025-07-17,-8.675833,115.526944,28.07,1.1300000000000001,-0.48,1.76,ok
2024-06-09|25.325|56.375,2024-06-09,25.338500,56.378889,33.31,1.9000000000000001,0.72,0.45,ok
2023-11-16|5.975|116.025,2023-11-16,5.967778,116.012611,30.62,1.37,0.55,0.0,ok
2023-03-31|11.325|-60.525,2023-03-31,11.300333,-60.521111,26.7,0.21,-1.79,0.0,ok
2021-07-31|5.925|102.775,2021-07-31,5.914444,102.754056,30.02,0.77,0.08,0.29,ok
2024-09-26|2.525|103.975,2024-09-26,2.517778,103.978361,29.36,0.67,-0.24,0.0,ok
2021-08-28|5.625|103.075,2021-08-28,5.610111,103.063000,29.61,0.68,-0.26,0.0,ok
2025-09-15|4.875|118.275,2025-09-15,4.853028,118.266500,30.01,1.05,0.27,0.0,ok
2022-07-07|10.075|99.825,2022-07-07,10.066417,99.841472,29.86,0.73,-0.29,0.16,ok
2021-05-17|-27.925|153.425,2021-05-17,-27.936889,153.425611,22.78,-0.63,-3.27,0.16,ok
2024-04-19|5.925|102.725,2024-04-19,5.931583,102.723167,30.79,1.1300000000000001,0.84,0.0,ok
2023-05-15|2.475|104.525,2023-05-15,2.460278,104.526444,30.0,0.36,0.36,0.15,ok
2023-10-01|5.775|102.875,2023-10-01,5.796778,102.899639,29.96,1.01,0.02,0.0,ok
2021-04-06|-16.525|-151.725,2021-04-06,-16.529667,-151.728194,29.02,0.22,0.08,0.0,vecino
2025-02-15|-8.375|116.025,2025-02-15,-8.357222,116.042889,28.41,-0.04,-0.62,1.6600000000000001,ok
2023-11-12|-16.475|-151.775,2023-11-12,-16.457028,-151.775806,27.740000000000002,0.3,-1.2,0.0,ok
2022-08-19|2.575|103.925,2022-08-19,2.558528,103.947083,29.400000000000002,0.88,-0.21,0.0,ok
2023-09-10|4.925|118.225,2023-09-10,4.907389,118.243250,30.07,1.1300000000000001,0.32,0.0,ok
2022-09-29|6.575|117.925,2022-09-29,6.552083,117.935694,29.62,0.34,0.22,0.0,ok
2024-08-28|4.525|118.575,2024-08-28,4.549111,118.599139,29.86,1.1400000000000001,0.48,0.32,ok
2024-12-29|-26.825|32.875,2024-12-29,-26.819278,32.895000,26.76,1.04,-0.21,0.0,ok
2024-05-02|5.775|103.025,2024-05-02,5.753889,103.028917,31.080000000000002,1.34,1.16,1.1400000000000001,ok
2022-12-30|-19.175|146.825,2022-12-30,-19.171338,146.848462,28.54,0.11,-0.29,0.91,ok
2024-11-07|5.975|116.025,2024-11-07,5.967778,116.012611,30.48,1.18,0.41000000000000003,0.0,ok
2023-07-23|2.275|104.125,2023-07-23,2.273333,104.115667,29.09,0.29,-0.51,0.16,ok
2022-11-20|-16.475|-151.725,2022-11-20,-16.479556,-151.720389,27.25,-0.3,-1.69,0.0,ok
2025-10-08|4.025|72.825,2025-10-08,4.017061,72.805231,29.78,1.45,0.23,0.0,ok
2023-04-15|-8.325|116.025,2023-04-15,-8.337639,116.037639,29.04,-0.03,-0.03,0.0,ok
2024-09-08|4.975|118.275,2024-09-08,4.967111,118.264028,30.16,1.23,0.42,0.0,vecino
2025-09-17|-8.675|115.525,2025-09-17,-8.675833,115.526944,28.21,1.6,-0.34,0.0,ok
2026-06-18|10.075|99.425,2026-06-18,10.069800,99.437240,,,,,sin_dato
2022-12-09|6.875|117.375,2022-12-09,6.894972,117.372306,29.2,0.78,-0.4,0.0,ok
2024-10-16|-4.575|130.025,2024-10-16,-4.592222,130.029167,28.79,0.98,-0.39,0.0,ok
2026-06-20|19.675|-156.025,2026-06-20,19.670389,-156.029167,,,,,sin_dato
2023-11-27|7.175|117.375,2023-11-27,7.189833,117.370222,29.53,0.9,-0.06,1.4000000000000001,ok
2024-04-19|5.975|102.675,2024-04-19,5.962167,102.680833,30.77,1.1,0.81,0.0,ok
2025-10-16|-8.675|115.525,2025-10-16,-8.675833,115.516667,29.42,2.13,0.87,0.0,ok
2021-04-09|2.775|104.225,2021-04-09,2.779306,104.212667,29.48,0.3,-0.11,0.0,ok
2026-01-13|18.375|-68.875,2026-01-13,18.369444,-68.853417,27.19,0.76,-1.34,0.48,ok
2024-11-16|-8.325|116.025,2024-11-16,-8.337639,116.037639,30.54,1.75,1.47,2.33,ok
2023-11-23|6.175|118.075,2023-11-23,6.173361,118.071444,29.82,1.02,0.45,11.51,ok
2023-09-24|2.525|103.975,2023-09-24,2.530111,103.970694,29.150000000000002,0.48,-0.45,0.0,ok
2024-06-20|2.525|103.975,2024-06-20,2.532722,103.968806,29.990000000000002,0.8,0.39,7.53,ok
2023-11-18|9.375|-76.175,2023-11-18,9.396972,-76.170639,30.13,1.77,1.07,10.950000000000001,ok
2022-02-25|27.175|33.975,2022-02-25,27.186694,33.983833,21.75,-0.3,-6.32,0.0,ok
2024-11-06|5.975|116.025,2024-11-06,5.990556,116.040278,30.27,0.97,0.2,0.0,ok
2024-08-06|4.625|118.825,2024-08-06,4.628306,118.835194,29.88,1.31,0.61,1.8,ok
2025-10-14|-16.475|-151.775,2025-10-14,-16.499417,-151.783972,27.560000000000002,0.56,-1.3800000000000001,0.0,ok
2021-08-16|-26.825|153.125,2021-08-16,-26.803333,153.145556,20.63,0.61,-5.57,0.0,ok
2024-05-14|4.525|118.575,2024-05-14,4.549111,118.599139,30.62,1.25,1.24,4.82,ok
2022-09-07|2.525|103.975,2022-09-07,2.522194,103.973444,28.92,0.34,-0.68,0.0,ok
2022-05-09|2.425|101.875,2022-05-09,2.414028,101.850694,30.310000000000002,0.49,0.16,0.0,vecino
2023-05-16|2.575|104.325,2023-05-16,2.584444,104.336333,30.2,0.61,0.6,0.0,ok
2021-01-19|-26.625|153.125,2021-01-19,-26.615028,153.112944,26.310000000000002,0.43,0.1,0.0,ok
2023-08-10|2.575|103.975,2023-08-10,2.552444,103.960306,29.03,0.48,-0.5700000000000001,0.0,ok
2024-02-25|18.375|-68.875,2024-02-25,18.369111,-68.852472,26.91,0.8300000000000001,-1.62,0.0,ok
2022-09-26|-16.525|-151.725,2022-09-26,-16.542389,-151.727028,26.52,-0.29,-2.42,0.0,vecino
2022-03-17|2.875|104.075,2022-03-17,2.898056,104.051667,29.060000000000002,0.66,-0.52,0.0,ok
2025-09-17|2.475|103.975,2025-09-17,2.472750,103.959694,29.0,0.38,-0.61,0.0,ok
2022-10-16|6.575|117.925,2022-10-16,6.562111,117.920167,29.8,0.52,0.4,0.0,ok
2024-10-02|18.375|-68.825,2024-10-02,18.363540,-68.841261,29.97,1.5,1.43,12.700000000000001,vecino
2026-03-18|-8.325|116.025,2026-03-18,-8.338080,116.032770,28.830000000000002,0.27,-0.24,0.0,ok
2024-11-06|-8.725|115.475,2024-11-06,-8.715000,115.456389,29.490000000000002,1.6,1.01,0.14,vecino
2025-03-16|-4.575|129.875,2025-03-16,-4.563333,129.870000,30.01,1.31,0.84,1.41,ok
2021-10-08|4.575|118.625,2021-10-08,4.574222,118.604222,30.2,1.3,0.8300000000000001,0.0,ok
2023-11-02|4.525|118.575,2023-11-02,4.549111,118.599139,30.66,1.77,1.28,1.8,ok
2021-11-13|-8.375|116.025,2021-11-13,-8.357222,116.042889,29.8,1.11,0.77,0.14,ok
2021-07-18|10.125|99.725,2021-07-18,10.116333,99.728722,29.68,0.76,-0.43,0.7000000000000001,ok
2025-05-12|-8.675|115.525,2025-05-12,-8.675833,115.526944,29.69,1.54,1.1400000000000001,1.93,ok
2025-04-16|-8.775|115.525,2025-04-16,-8.793611,115.524444,29.490000000000002,1.1300000000000001,1.02,0.72,ok
2023-08-25|2.525|103.975,2023-08-25,2.536750,103.969972,28.990000000000002,0.45,-0.61,0.0,ok
2025-10-07|19.625|-155.975,2025-10-07,19.638147,-155.997255,27.03,-0.1,-0.2,0.0,ok
2024-06-11|4.225|118.675,2024-06-11,4.210250,118.679944,30.14,1.07,0.92,5.46,ok
2024-03-02|-16.525|-151.725,2024-03-02,-16.549056,-151.703778,29.7,0.9400000000000001,0.76,0.29,vecino
2024-09-26|-16.525|-151.725,2024-09-26,-16.535278,-151.728444,27.45,0.64,-1.49,0.0,vecino
2022-05-22|4.575|118.625,2022-05-22,4.558580,118.615000,29.7,0.39,0.33,0.0,ok
2026-06-27|-8.325|116.025,2026-06-27,-8.337639,116.037639,,,,,sin_dato
2024-10-07|3.875|73.475,2024-10-07,3.894490,73.459495,28.97,0.72,-0.7000000000000001,0.0,ok
2021-10-29|6.525|117.925,2021-10-29,6.506528,117.927528,29.77,0.63,0.36,0.32,ok
2021-07-19|-28.175|153.525,2021-07-19,-28.162528,153.531111,19.830000000000002,-0.91,-6.32,0.0,ok
2024-10-17|-16.525|-151.775,2024-10-17,-16.539667,-151.788722,27.16,0.12,-1.78,0.0,ok
2021-08-15|10.275|-75.575,2021-08-15,10.291222,-75.592694,29.69,0.59,0.59,0.0,ok
2023-05-13|6.725|116.325,2023-05-13,6.713861,116.334722,29.91,0.48,-0.06,0.0,ok
2022-08-18|2.575|103.925,2022-08-18,2.558500,103.942306,29.53,1.02,-0.08,0.0,ok
2024-06-09|18.375|-68.875,2024-06-09,18.369111,-68.852472,29.34,1.6400000000000001,0.81,0.0,ok
2025-09-03|2.525|103.975,2025-09-03,2.530111,103.970694,28.88,0.31,-0.72,0.0,ok
2022-10-08|-20.075|148.925,2022-10-08,-20.065806,148.948111,25.27,1.02,-2.92,0.0,ok
2023-12-10|14.475|-60.925,2023-12-10,14.456472,-60.921000,28.25,0.92,-0.11,10.950000000000001,vecino
2024-12-17|7.225|117.375,2024-12-17,7.232889,117.384972,29.19,1.04,-0.4,0.47000000000000003,ok
2024-04-19|2.875|104.125,2024-04-19,2.874667,104.146833,29.75,0.27,0.16,0.33,ok
2022-07-06|5.725|115.625,2022-07-06,5.729639,115.607944,30.14,0.52,0.16,0.0,ok
2022-12-13|7.375|117.375,2022-12-13,7.350750,117.352333,29.1,0.86,-0.51,0.0,ok
2022-06-08|16.175|-61.475,2022-06-08,16.199861,-61.489806,27.91,0.64,-0.43,0.0,ok
2021-01-26|-18.675|147.075,2021-01-26,-18.687233,147.096833,28.490000000000002,0.06,-0.04,0.0,ok
2024-11-05|6.025|116.025,2024-11-05,6.041389,116.019722,30.22,0.92,0.15,0.0,ok
2023-05-20|-8.325|116.025,2023-05-20,-8.337639,116.037639,29.240000000000002,0.45,0.17,0.29,ok
2022-11-17|-8.375|116.025,2022-11-17,-8.363917,116.034806,30.13,1.3900000000000001,1.1,0.47000000000000003,ok
2026-05-16|19.975|-155.875,2026-05-16,19.959436,-155.859813,26.17,1.04,-1.05,0.0,ok
2023-07-14|6.075|100.075,2023-07-14,6.073139,100.057389,30.76,0.9400000000000001,0.39,1.17,ok
2022-10-22|2.075|102.325,2022-10-22,2.074722,102.333611,29.28,0.31,-0.76,0.0,ok
2025-07-03|6.475|117.925,2025-07-03,6.498333,117.911361,29.6,0.31,0.18,2.19,ok
2025-12-06|-16.525|-151.725,2025-12-06,-16.529667,-151.728194,27.98,0.25,-0.96,0.0,vecino
2024-09-09|4.975|118.275,2024-09-09,4.950861,118.257889,30.27,1.34,0.53,0.0,vecino
2025-09-16|-8.675|115.525,2025-09-16,-8.675833,115.520278,28.14,1.56,-0.41000000000000003,0.0,ok
2025-12-27|19.975|-155.825,2025-12-27,19.970389,-155.846694,26.05,0.84,-1.17,0.0,vecino
2025-10-16|-8.325|116.025,2025-10-16,-8.344750,116.024667,30.0,1.8800000000000001,0.93,0.15,ok
2025-05-07|2.475|104.475,2025-05-07,2.459889,104.489306,30.16,0.61,0.53,0.0,ok
2024-06-12|-8.675|115.525,2024-06-12,-8.676222,115.517806,28.28,0.48,-0.27,6.21,ok
2022-05-20|4.575|118.575,2022-05-20,4.555306,118.589944,29.900000000000002,0.54,0.49,0.0,ok
2022-05-20|4.575|118.625,2022-05-20,4.558580,118.615000,29.84,0.52,0.47000000000000003,0.0,ok
2025-09-16|4.975|118.275,2025-09-16,4.963028,118.252750,29.84,0.88,0.1,0.0,vecino
2021-09-25|-26.625|153.125,2021-09-25,-26.615858,153.113345,21.06,-0.12,-5.15,0.0,ok
2023-06-29|6.525|117.925,2023-06-29,6.506528,117.927528,30.02,0.71,0.61,3.8200000000000003,ok
2024-09-02|14.425|-60.875,2024-09-02,14.446806,-60.892306,30.16,1.9000000000000001,1.82,8.51,ok
2024-09-07|4.925|118.225,2024-09-07,4.920778,118.201278,30.03,1.11,0.28,0.0,ok
2023-08-14|-28.125|153.475,2023-08-14,-28.109167,153.475833,21.13,0.91,-5.0,0.0,ok
2022-06-04|4.225|118.625,2022-06-04,4.234111,118.637583,29.69,0.5700000000000001,0.46,0.0,ok
2022-07-23|5.775|103.025,2022-07-23,5.779611,103.042611,29.69,0.5,-0.23,0.0,ok
2023-04-05|2.725|104.125,2023-04-05,2.732139,104.135417,28.89,-0.23,-0.7000000000000001,0.0,ok
2022-09-06|2.525|103.975,2022-09-06,2.537528,103.968417,28.96,0.38,-0.64,0.0,ok
2024-10-03|-4.525|129.675,2024-10-03,-4.536333,129.694500,28.46,1.1400000000000001,-0.73,0.0,ok
2023-10-05|4.275|113.875,2023-10-05,4.296111,113.853861,30.05,0.99,0.18,0.16,ok
2024-02-10|20.575|39.575,2024-02-10,20.594444,39.563889,26.82,1.12,-4.09,0.0,ok
2022-05-21|4.525|118.575,2022-05-21,4.549111,118.599139,29.87,0.54,0.49,0.0,ok
2021-04-01|-16.475|-151.725,2021-04-01,-16.479556,-151.720389,29.150000000000002,0.32,0.21,0.0,ok
2025-05-24|14.475|-60.925,2025-05-24,14.456472,-60.921000,28.240000000000002,1.04,-0.12,0.0,vecino
2025-10-07|4.075|72.975,2025-10-07,4.055825,72.956381,29.84,1.52,0.27,0.0,ok
2023-05-14|6.725|116.375,2023-05-14,6.702278,116.363528,29.8,0.31,-0.18,0.0,ok
2024-04-18|2.225|104.125,2024-04-18,2.221722,104.146167,30.46,1.03,0.86,1.52,ok
2022-09-06|6.025|116.025,2022-09-06,6.041389,116.019722,29.8,0.38,-0.27,0.0,ok
2023-08-22|5.775|103.025,2023-08-22,5.771694,103.039028,29.82,0.8200000000000001,-0.1,0.0,ok
2024-04-27|2.775|104.175,2024-04-27,2.758361,104.199167,30.94,1.44,1.35,1.58,vecino
2025-03-05|-16.525|-151.775,2025-03-05,-16.539667,-151.788722,29.400000000000002,0.6,0.46,0.0,ok
2021-07-16|5.775|103.025,2021-07-16,5.758639,103.029389,29.87,0.63,-0.05,0.0,ok
2025-05-02|6.575|117.925,2025-05-02,6.552056,117.924694,30.05,0.8200000000000001,0.65,0.15,ok
2023-09-18|14.525|-61.075,2023-09-18,14.521111,-61.096194,30.400000000000002,1.96,1.95,8.49,ok
2023-09-22|2.475|103.975,2023-09-22,2.493778,103.954306,29.34,0.68,-0.27,0.0,ok
2025-12-11|-8.675|115.525,2025-12-11,-8.675833,115.516667,29.46,1.02,0.91,0.64,ok
2023-11-04|-19.175|146.825,2023-11-04,-19.171338,146.848462,26.72,-0.08,-2.11,0.0,ok
2023-09-20|-16.525|-151.725,2023-09-20,-16.542694,-151.740778,26.43,-0.32,-2.5100000000000002,0.0,vecino
2024-06-10|14.525|-61.075,2024-06-10,14.521111,-61.096194,29.28,1.98,0.8300000000000001,0.0,ok
2024-05-23|2.475|103.975,2024-05-23,2.472750,103.959694,30.29,0.77,0.68,7.53,ok
2024-08-18|4.525|118.925,2024-08-18,4.504194,118.941722,29.86,1.3,0.64,0.32,ok
2023-05-23|4.625|118.825,2023-05-23,4.628306,118.835194,29.82,0.62,0.55,1.24,ok
2021-07-17|5.775|103.025,2021-07-17,5.771694,103.039028,29.63,0.39,-0.29,0.0,ok
2022-03-31|-16.575|-151.725,2022-03-31,-16.552583,-151.732556,28.76,-0.07,-0.18,0.0,ok
2023-09-21|6.525|117.925,2023-09-21,6.543639,117.920028,30.23,0.9400000000000001,0.8200000000000001,3.64,ok
2023-09-19|2.475|103.975,2023-09-19,2.495083,103.950028,29.45,0.81,-0.16,0.0,ok
2022-03-22|2.225|104.125,2022-03-22,2.218306,104.149833,29.35,0.67,-0.25,0.0,ok
2021-04-05|6.375|116.325,2021-04-05,6.390028,116.322778,28.68,0.49,-1.3800000000000001,0.0,ok
2025-07-08|6.475|117.925,2025-07-08,6.486361,117.911167,29.900000000000002,0.64,0.48,2.19,ok
2022-05-15|2.575|104.325,2022-05-15,2.570611,104.321778,30.27,0.67,0.67,0.59,ok
2024-10-16|-8.375|116.025,2024-10-16,-8.357222,116.042889,29.1,1.05,0.07,0.0,ok
2025-07-26|-8.675|115.475,2025-07-26,-8.681944,115.468889,27.650000000000002,0.93,-0.8300000000000001,1.77,ok
2025-09-13|4.975|118.275,2025-09-13,4.950861,118.257889,29.78,0.8300000000000001,0.04,0.0,vecino
2024-04-26|6.725|116.375,2024-04-26,6.702278,116.363528,30.23,1.36,0.25,0.0,ok
2023-05-18|5.825|102.625,2023-05-18,5.825861,102.612944,31.02,1.02,1.02,1.32,ok
2023-07-13|6.075|100.025,2023-07-13,6.065861,100.043444,30.89,1.05,0.52,1.17,ok
2022-09-06|4.925|118.275,2022-09-06,4.923528,118.256056,29.53,0.61,-0.21,0.0,ok
2022-09-29|2.475|103.925,2022-09-29,2.492472,103.947056,28.92,0.21,-0.6900000000000001,0.0,ok
2021-11-04|5.725|115.675,2021-11-04,5.708028,115.699306,30.19,0.92,0.2,0.0,ok
2024-12-26|-4.525|129.675,2024-12-26,-4.542444,129.695972,29.89,0.81,0.7000000000000001,4.37,ok
2025-09-14|4.925|118.275,2025-09-14,4.912333,118.254278,29.39,0.43,-0.35000000000000003,0.0,ok
2025-09-11|4.925|118.275,2025-09-11,4.941556,118.282417,29.73,0.79,-0.01,0.0,ok
2022-08-02|-26.625|153.175,2022-08-02,-26.645000,153.160806,19.580000000000002,-0.7000000000000001,-6.640000000000001,0.0,ok
2024-09-10|2.575|103.975,2024-09-10,2.553250,103.958139,29.21,0.62,-0.39,0.0,ok
2023-08-10|2.425|101.875,2023-08-10,2.414028,101.850694,29.990000000000002,0.53,-0.16,0.0,vecino
2024-07-07|2.575|103.975,2024-07-07,2.552444,103.960306,29.68,0.72,0.08,5.41,ok
2024-04-17|2.225|104.125,2024-04-17,2.218306,104.149833,30.46,1.04,0.86,1.52,ok
2022-09-27|4.125|118.625,2022-09-27,4.107500,118.636278,30.03,1.2,0.79,0.15,ok
2023-11-11|-16.475|-151.725,2023-11-11,-16.491778,-151.709972,27.7,0.27,-1.24,0.0,ok
2021-03-30|-16.525|-151.725,2021-03-30,-16.542694,-151.740778,28.86,0.02,-0.08,0.0,vecino
2023-05-23|5.725|115.675,2023-05-23,5.708028,115.699306,30.41,0.74,0.42,0.0,ok
2025-06-08|1.975|73.525,2025-06-08,1.984028,73.514389,29.560000000000002,0.54,-0.05,0.15,ok
2025-03-29|19.675|-156.025,2025-03-29,19.683639,-156.035861,25.32,0.7000000000000001,-1.92,0.0,vecino
2021-11-15|-16.525|-151.775,2021-11-15,-16.506417,-151.783611,27.650000000000002,0.16,-1.29,0.0,ok
2023-06-16|2.475|103.975,2023-06-16,2.481306,103.961278,29.35,0.11,-0.26,0.48,ok
2024-05-08|5.725|115.625,2024-05-08,5.705028,115.628417,30.98,1.58,1.0,1.3900000000000001,ok
2023-10-16|2.475|103.975,2023-10-16,2.483472,103.956111,29.86,1.04,0.25,0.0,ok
2022-05-09|-16.525|-151.775,2022-05-09,-16.506417,-151.783611,28.580000000000002,0.15,-0.36,0.0,ok
2023-11-25|6.975|117.025,2023-11-25,6.955750,117.010000,29.59,0.87,-0.18,0.15,ok
2022-08-25|2.525|103.975,2022-08-25,2.549917,103.958278,29.03,0.49,-0.5700000000000001,0.0,ok
2021-04-05|2.925|104.075,2021-04-05,2.932444,104.096917,29.61,0.52,0.02,0.0,ok
2023-03-28|-16.525|-151.725,2023-03-28,-16.542389,-151.727028,29.29,0.43,0.35000000000000003,0.0,vecino
2022-06-06|15.975|-61.725,2022-06-06,15.953917,-61.710361,27.76,0.36,-0.68,0.0,ok
2021-11-14|-24.125|152.725,2021-11-14,-24.109389,152.713611,24.69,0.33,-2.42,0.0,ok
2022-05-21|-16.925|145.975,2022-05-21,-16.932250,145.986528,26.54,1.43,-2.23,2.5500000000000003,ok
2024-04-27|2.775|104.225,2024-04-27,2.779306,104.212667,30.91,1.43,1.32,1.4000000000000001,ok
2021-01-22|-16.475|-151.775,2021-01-22,-16.457028,-151.775806,28.27,-0.07,-0.67,0.0,ok
2022-10-04|6.525|117.925,2022-10-04,6.543639,117.920028,29.88,0.59,0.47000000000000003,0.0,ok
2024-12-06|-8.675|115.525,2024-12-06,-8.676222,115.517806,29.63,1.23,1.08,6.5,ok
2024-05-20|2.475|103.975,2024-05-20,2.481722,103.959194,30.35,0.8,0.74,7.53,ok
2022-03-23|-16.525|-151.725,2022-03-23,-16.542389,-151.727028,28.59,-0.3,-0.35000000000000003,0.0,vecino
2023-08-14|-27.925|153.425,2023-08-14,-27.931717,153.419093,20.990000000000002,0.78,-5.0600000000000005,0.0,ok
2022-04-25|10.075|99.825,2022-04-25,10.088833,99.823694,30.64,0.67,0.49,0.0,ok
2026-06-05|19.975|-155.875,2026-06-05,19.967528,-155.854639,26.21,0.71,-1.01,0.0,ok
2022-10-15|-20.275|148.975,2022-10-15,-20.254155,148.969225,25.27,0.74,-2.88,0.0,vecino
2026-01-14|-8.675|115.525,2026-01-14,-8.675417,115.514778,28.79,0.34,0.24,0.49,ok
2026-05-23|-8.325|116.025,2026-05-23,-8.338080,116.032770,29.67,0.93,0.6,3.94,ok
2025-07-08|2.475|103.975,2025-07-08,2.486389,103.952222,29.47,0.5,-0.14,0.0,ok
2023-11-25|7.025|117.075,2023-11-25,7.033778,117.073472,29.560000000000002,0.85,-0.18,0.31,ok
2024-12-14|14.525|-61.075,2024-12-14,14.521111,-61.096194,28.73,1.43,0.28,16.07,ok
2024-09-07|18.375|-68.875,2024-09-07,18.369111,-68.852472,29.650000000000002,1.18,1.12,9.4,ok
2023-06-03|16.225|-61.275,2023-06-03,16.239889,-61.285194,28.34,1.21,0.08,0.0,ok
2025-07-07|11.725|109.225,2025-07-07,11.716000,109.208444,28.560000000000002,0.46,-0.38,1.07,ok
2024-12-15|7.375|117.075,2024-12-15,7.356333,117.054722,29.25,1.04,-0.47000000000000003,0.0,ok
2024-05-03|2.925|104.125,2024-05-03,2.902306,104.102472,31.1,1.57,1.51,3.17,ok
2024-08-21|6.175|118.075,2024-08-21,6.173361,118.071444,29.78,0.51,0.41000000000000003,1.76,ok
2024-03-29|13.375|-81.425,2024-03-29,13.352417,-81.407361,28.41,1.51,-0.02,0.0,ok
2025-09-14|4.575|118.575,2025-09-14,4.555306,118.589944,29.89,1.04,0.48,0.0,ok
2025-10-16|3.875|73.425,2025-10-16,3.893417,73.403222,29.0,0.75,-0.66,0.0,ok
2021-09-08|4.575|118.775,2021-09-08,4.567972,118.758306,29.830000000000002,1.09,0.55,0.0,ok
2023-12-16|14.525|-61.075,2023-12-16,14.521111,-61.096194,28.01,0.77,-0.44,8.78,ok
2024-05-18|-8.375|116.025,2024-05-18,-8.357222,116.042889,29.67,0.9,0.64,2.41,ok
2021-10-15|12.525|-81.725,2021-10-15,12.521667,-81.729750,29.150000000000002,0.73,0.73,0.0,ok
2025-09-11|2.525|103.975,2025-09-11,2.517778,103.978361,29.29,0.6900000000000001,-0.31,0.0,ok
2025-09-16|4.925|118.175,2025-09-16,4.908500,118.177389,29.92,0.97,0.17,0.0,vecino
2021-03-27|-16.525|-151.725,2021-03-27,-16.534778,-151.729861,28.96,0.1,0.02,0.0,vecino
2021-04-10|2.675|104.175,2021-04-10,2.668778,104.175306,29.57,0.31,-0.02,0.0,ok
2024-06-29|6.075|100.025,2024-06-29,6.065861,100.043444,30.41,0.31,0.04,6.49,ok
2022-09-01|2.525|103.975,2022-09-01,2.532722,103.968806,29.29,0.73,-0.31,0.0,ok
2023-08-25|5.625|103.175,2023-08-25,5.643583,103.151056,30.05,1.1500000000000001,0.2,0.0,ok
2021-03-02|-27.425|153.225,2021-03-02,-27.424556,153.227833,27.330000000000002,1.71,1.1300000000000001,0.97,ok
2023-05-22|2.425|103.975,2023-05-22,2.423306,103.990167,29.39,-0.14,-0.22,0.31,ok
2025-10-10|-16.575|-151.775,2025-10-10,-16.551472,-151.778389,27.44,0.49,-1.5,0.0,ok
2023-03-02|4.075|100.525,2023-03-02,4.057500,100.539694,29.38,0.33,-0.37,0.0,ok
2023-10-24|2.475|103.975,2023-10-24,2.479222,103.956278,30.150000000000002,1.31,0.54,0.0,ok
2022-12-06|-19.175|146.825,2022-12-06,-19.198333,146.815167,28.79,0.87,-0.04,0.0,ok
2024-05-20|2.525|103.975,2024-05-20,2.521583,103.977111,30.330000000000002,0.79,0.73,7.53,ok
2022-07-22|5.975|102.675,2022-07-22,5.962167,102.680833,29.73,0.37,-0.23,0.19,ok
2021-10-29|6.075|100.075,2021-10-29,6.071556,100.051111,30.28,1.34,-0.09,0.0,ok
2024-06-10|4.225|118.675,2024-06-10,4.201556,118.689861,30.080000000000002,1.0,0.86,5.46,ok
2021-08-07|6.725|116.325,2021-08-07,6.705139,116.320528,30.59,1.05,0.62,0.0,ok
2022-09-21|2.125|102.325,2022-09-21,2.109111,102.322611,29.68,0.56,-0.37,0.0,ok
2024-10-08|3.925|73.475,2024-10-08,3.905082,73.457402,28.91,0.66,-0.76,0.0,ok
2025-03-05|-4.525|129.775,2025-03-05,-4.538278,129.772500,30.29,1.56,1.11,1.54,ok
2024-07-11|4.875|118.275,2024-07-11,4.853028,118.266500,29.85,1.02,0.11,9.23,ok
2024-07-09|2.525|103.975,2024-07-09,2.549611,103.961417,29.67,0.72,0.07,5.11,ok
2023-10-03|4.275|113.825,2023-10-03,4.287222,113.819722,30.02,0.96,0.16,0.16,ok
2024-05-28|6.025|116.025,2024-05-28,6.006250,116.005972,30.990000000000002,1.22,0.92,4.49,ok
2023-05-12|13.375|-81.375,2023-05-12,13.399417,-81.365806,28.51,0.93,0.08,0.0,ok
2024-05-14|2.475|104.525,2024-05-14,2.477528,104.504528,30.830000000000002,1.2,1.19,3.83,ok
2025-10-15|3.875|73.475,2025-10-15,3.894490,73.459495,29.09,0.86,-0.58,0.0,ok
2024-03-31|-16.475|-151.775,2024-03-31,-16.499417,-151.783972,29.830000000000002,0.99,0.89,3.0700000000000003,ok
2024-09-05|6.525|117.925,2024-09-05,6.543639,117.920028,29.900000000000002,0.61,0.49,0.77,ok
2022-07-20|4.325|113.875,2022-07-20,4.343333,113.897500,30.01,0.47000000000000003,0.16,0.15,ok
2021-11-05|-8.325|116.025,2021-11-05,-8.337639,116.037639,29.6,1.03,0.53,0.0,ok
2024-04-30|5.925|102.725,2024-04-30,5.921306,102.724750,31.03,1.25,1.08,1.41,ok
2024-08-28|4.575|118.575,2024-08-28,4.564639,118.593194,29.900000000000002,1.17,0.49,0.32,ok
2024-08-19|2.575|103.925,2024-08-19,2.557667,103.945083,29.51,0.99,-0.1,0.0,ok
2024-01-15|24.775|38.025,2024-01-15,24.768333,38.037500,,,,,sin_dato
2024-06-26|17.825|-87.975,2024-06-26,17.833889,-87.993917,29.6,1.29,0.7000000000000001,1.9100000000000001,ok
2022-10-02|5.775|102.875,2022-10-02,5.794444,102.892194,29.89,0.9400000000000001,-0.05,0.0,ok
2022-09-05|3.925|73.475,2022-09-05,3.905639,73.455056,27.96,-0.42,-1.71,0.0,ok
2025-08-07|2.475|103.975,2025-08-07,2.490667,103.955722,29.080000000000002,0.47000000000000003,-0.53,0.0,ok
2024-08-02|5.625|103.075,2024-08-02,5.615194,103.057222,30.27,1.21,0.4,6.95,ok
2024-05-17|2.425|103.975,2024-05-17,2.423306,103.990167,30.830000000000002,1.24,1.22,7.45,ok
2024-11-04|2.525|103.975,2024-11-04,2.525222,103.972389,30.23,1.37,0.63,0.0,ok
2022-09-15|24.925|34.975,2022-09-15,24.919444,34.977000,29.55,1.3800000000000001,0.6,5.43,ok
2022-07-05|5.725|115.625,2022-07-05,5.720222,115.644806,30.27,0.63,0.29,0.0,ok
2022-11-26|-16.525|-151.725,2022-11-26,-16.533639,-151.734333,27.560000000000002,-0.05,-1.3800000000000001,0.0,vecino
2024-09-09|4.925|118.275,2024-09-09,4.923528,118.256056,30.27,1.34,0.53,0.0,ok
2025-06-05|-16.425|-151.775,2025-06-05,-16.448056,-151.765889,28.78,0.93,-0.16,0.0,ok
2023-05-15|-16.475|-151.725,2023-05-15,-16.491778,-151.709972,28.830000000000002,0.47000000000000003,-0.11,0.0,ok
2024-08-28|4.575|118.625,2024-08-28,4.574222,118.604222,29.85,1.1300000000000001,0.48,0.31,ok
2023-07-26|2.275|104.125,2023-07-26,2.271167,104.127333,29.060000000000002,0.29,-0.54,0.16,ok
2024-06-20|12.475|-61.475,2024-06-20,12.485806,-61.482694,28.78,1.57,0.32,0.0,ok
2025-12-12|20.675|-156.425,2025-12-12,20.652083,-156.442389,25.84,0.47000000000000003,-1.22,0.0,vecino
2023-08-11|2.425|103.975,2023-08-11,2.426028,103.996611,29.16,0.6,-0.45,0.0,ok
2023-08-02|12.475|-61.475,2023-08-02,12.485806,-61.482694,29.46,1.6,1.0,0.3,ok
2022-08-11|2.475|103.975,2022-08-11,2.479222,103.956278,29.34,0.78,-0.27,0.0,ok
2023-05-23|4.625|118.775,2023-05-23,4.632222,118.796639,29.830000000000002,0.6,0.53,1.23,ok
2022-08-08|2.475|103.975,2022-08-08,2.481722,103.959194,28.96,0.37,-0.65,0.0,ok
2021-12-15|6.025|116.025,2021-12-15,6.008194,116.022028,29.8,1.22,-0.27,0.0,ok
2024-08-30|4.575|118.575,2024-08-30,4.555306,118.589944,29.810000000000002,1.06,0.4,0.15,ok
2021-04-06|2.875|104.075,2021-04-06,2.888639,104.065333,29.71,0.56,0.13,0.0,ok
2024-09-24|2.525|103.975,2024-09-24,2.530111,103.970694,29.6,0.93,0.0,0.0,ok
2024-10-02|19.725|-156.075,2024-10-02,19.703389,-156.050111,26.93,-0.23,-0.32,0.0,ok
2024-12-30|-26.825|32.875,2024-12-30,-26.807694,32.895361,26.97,1.22,0.0,0.0,ok
2024-08-20|2.475|103.975,2024-08-20,2.476028,103.965361,29.48,0.9500000000000001,-0.13,0.0,ok
2021-08-12|25.225|34.825,2021-08-12,25.208333,34.812917,30.34,1.73,1.6400000000000001,3.5100000000000002,ok
2021-08-29|4.575|118.975,2021-08-29,4.570194,118.956917,29.43,0.79,0.21,0.0,ok
2024-06-13|17.225|-62.675,2024-06-13,17.217639,-62.660944,29.560000000000002,2.15,1.17,1.11,ok
2024-09-25|-26.825|32.875,2024-09-25,-26.813444,32.894611,22.55,-0.01,-4.42,0.0,ok
2022-09-04|2.625|103.875,2022-09-04,2.648111,103.886944,29.16,0.5700000000000001,-0.46,0.0,ok
2025-02-08|-8.325|116.025,2025-02-08,-8.337639,116.037639,28.57,0.07,-0.5,3.33,ok
2023-07-18|25.225|34.775,2023-07-18,25.243972,34.798611,30.51,2.7,1.82,1.77,ok
2022-07-05|5.725|115.675,2022-07-05,5.708028,115.699306,30.23,0.59,0.24,0.0,ok
2024-03-05|2.125|102.325,2024-03-05,2.109111,102.322611,29.14,0.73,-0.91,0.0,ok
2025-03-08|-8.725|115.925,2025-03-08,-8.718611,115.918889,29.19,0.87,0.51,0.0,ok
2023-11-22|7.175|116.875,2023-11-22,7.190056,116.880083,29.91,1.08,0.11,0.0,ok
2023-05-06|-16.475|-151.775,2023-05-06,-16.499028,-151.757333,28.94,0.47000000000000003,0.0,0.0,ok
2021-10-09|-20.025|148.875,2021-10-09,-20.039000,148.875833,25.13,0.77,-3.09,0.0,ok
2024-03-20|-8.375|116.025,2024-03-20,-8.357222,116.042889,29.11,0.54,0.08,3.27,ok
2022-07-22|5.875|102.725,2022-07-22,5.884056,102.747028,29.810000000000002,0.47000000000000003,-0.16,0.19,ok
2022-12-08|7.025|116.725,2022-12-08,7.049444,116.744417,29.27,0.88,-0.6,0.0,ok
2022-09-17|-16.575|-151.725,2022-09-17,-16.552583,-151.732556,26.54,-0.17,-2.4,0.0,ok
2023-10-05|-4.525|129.925,2023-10-05,-4.513056,129.944722,27.76,0.37,-1.42,0.0,ok
2023-11-23|7.125|117.525,2023-11-23,7.119250,117.509250,29.740000000000002,1.02,0.21,1.28,ok
2024-04-28|6.725|116.325,2024-04-28,6.719861,116.340889,30.16,1.25,0.19,0.0,ok
2023-09-11|4.925|118.225,2023-09-11,4.920778,118.201278,30.3,1.36,0.55,0.0,ok
2024-05-18|5.225|103.275,2024-05-18,5.235833,103.263000,31.27,1.6400000000000001,1.61,5.11,ok
2024-06-08|4.225|118.625,2024-06-08,4.234111,118.637583,30.26,1.16,1.03,6.48,ok
2021-01-16|-8.675|115.525,2021-01-16,-8.676222,115.517806,28.6,0.15,0.05,1.4000000000000001,ok
2023-08-27|10.275|-75.575,2023-08-27,10.291222,-75.592694,29.97,0.93,0.87,11.69,ok
2025-08-20|19.675|-156.025,2025-08-20,19.683194,-156.036528,27.34,0.33,0.1,0.0,vecino
2021-11-03|4.925|118.275,2021-11-03,4.942472,118.293944,30.28,1.1500000000000001,0.54,0.0,ok
2024-03-08|-16.525|-151.725,2024-03-08,-16.542694,-151.740778,29.55,0.71,0.61,0.29,vecino
2023-03-09|-27.325|153.225,2023-03-09,-27.347222,153.243167,26.21,0.86,-0.09,1.52,ok
2021-07-15|5.775|103.025,2021-07-15,5.799500,103.016944,29.76,0.51,-0.16,0.0,ok
2023-11-25|7.025|117.025,2023-11-25,7.034583,117.003111,29.59,0.87,-0.17,0.16,ok
2024-07-13|6.525|117.925,2024-07-13,6.520972,117.915722,29.75,0.54,0.34,0.29,ok
2022-10-15|-19.175|146.875,2022-10-15,-19.154306,146.866056,26.53,0.93,-2.29,0.0,ok
2023-09-19|2.475|103.925,2023-09-19,2.492472,103.947056,29.5,0.86,-0.11,0.0,ok
2023-09-20|-27.375|153.225,2023-09-20,-27.388565,153.224549,21.32,0.98,-4.94,0.0,ok
2023-06-05|15.875|-61.325,2023-06-05,15.872611,-61.310000,28.32,1.1,0.03,0.0,ok
2022-06-01|16.175|-61.125,2022-06-01,16.175139,-61.105583,27.72,0.61,-0.52,0.0,ok
2022-09-01|-8.725|115.475,2022-09-01,-8.716015,115.457307,27.94,1.49,-0.54,0.0,vecino
2023-10-21|-20.075|148.925,2023-10-21,-20.071150,148.924500,24.63,-0.34,-3.56,0.0,ok
2024-05-12|-16.525|-151.775,2024-05-12,-16.506417,-151.783611,29.11,0.72,0.17,2.91,ok
2022-11-25|-8.675|115.525,2022-11-25,-8.675123,115.514536,29.1,0.78,0.55,0.17,ok
2021-09-02|2.125|102.325,2021-09-02,2.109111,102.322611,29.86,0.67,-0.19,0.0,ok
2025-08-03|19.675|-156.025,2025-08-03,19.667722,-156.029472,27.0,0.25,-0.24,0.0,vecino
2026-01-13|-8.675|115.525,2026-01-13,-8.675556,115.535278,28.830000000000002,0.38,0.28,0.49,ok
2024-03-20|4.025|100.525,2024-03-20,4.032111,100.550000,30.650000000000002,1.37,0.89,1.18,ok
2024-05-11|2.525|103.975,2024-05-11,2.533139,103.969972,30.89,1.31,1.29,6.47,ok
2023-07-08|2.825|104.175,2023-07-08,2.816000,104.151028,29.650000000000002,0.77,0.06,0.0,ok
2025-09-14|4.575|118.625,2025-09-14,4.559778,118.615167,29.88,1.04,0.51,0.0,ok
2021-01-26|-18.625|147.075,2021-01-26,-18.613000,147.068550,28.5,0.08,0.0,0.0,ok
2022-11-23|-8.675|115.525,2022-11-23,-8.675123,115.514536,29.13,0.8200000000000001,0.58,0.17,ok
2023-11-26|7.025|116.725,2023-11-26,7.049444,116.744417,29.71,0.99,-0.16,0.0,ok
2024-03-05|2.075|102.325,2024-03-05,2.074722,102.333611,29.14,0.73,-0.9,0.0,ok
2024-08-30|4.575|118.625,2024-08-30,4.559778,118.615167,29.77,1.03,0.4,0.15,ok
2026-06-19|-8.725|115.925,2026-06-19,-8.732222,115.916944,,,,,sin_dato
2025-06-18|2.475|103.975,2025-06-18,2.458389,103.979306,29.47,0.26,-0.14,0.0,ok
2025-05-06|2.475|104.525,2025-05-06,2.472806,104.508028,30.060000000000002,0.51,0.42,0.0,ok
2023-03-28|-16.475|-151.775,2023-03-28,-16.499417,-151.783972,29.3,0.44,0.36,0.0,ok
2022-08-21|10.275|-75.575,2022-08-21,10.291222,-75.592694,29.54,0.47000000000000003,0.44,0.16,ok
2023-09-07|3.625|72.925,2023-09-07,3.612505,72.913688,28.95,0.55,-0.59,0.0,ok
2023-07-26|25.475|34.675,2023-07-26,25.470000,34.682361,30.5,2.61,1.94,4.42,ok
2025-04-06|6.525|117.925,2025-04-06,6.513444,117.905611,29.43,0.6,0.02,0.0,ok
2024-08-04|23.625|36.225,2024-08-04,23.600583,36.211389,32.26,2.2600000000000002,1.97,6.83,ok
2022-09-05|5.975|115.975,2022-09-05,5.970778,115.994306,29.72,0.28,-0.34,0.0,ok
2025-04-04|19.675|-156.025,2025-04-04,19.691139,-156.040750,25.54,0.92,-1.7,0.0,vecino
2024-03-09|-16.525|-151.725,2024-03-09,-16.534778,-151.729861,29.57,0.71,0.63,0.29,vecino
2025-07-28|-8.725|115.475,2025-07-28,-8.715000,115.456667,27.41,0.71,-1.07,1.44,vecino
2025-12-06|-13.325|48.125,2025-12-06,-13.323417,48.100694,29.16,0.9400000000000001,0.02,0.0,ok
2024-11-21|7.025|117.025,2024-11-21,7.034583,117.003111,29.85,1.04,0.09,0.0,ok
2024-06-12|14.475|-60.925,2024-06-12,14.456472,-60.921000,29.14,1.93,0.78,0.0,vecino
2023-07-13|14.625|-61.125,2023-07-13,14.643306,-61.141667,28.77,1.1400000000000001,0.31,0.0,vecino
2021-09-13|2.475|103.975,2021-09-13,2.458389,103.979306,28.900000000000002,0.3,-0.71,0.0,ok
2025-07-07|-8.725|115.475,2025-07-07,-8.716389,115.456667,28.28,1.19,-0.2,2.23,vecino
2023-12-11|18.375|-68.825,2023-12-11,18.363540,-68.841261,28.11,0.93,-0.43,11.700000000000001,vecino
2025-10-16|5.775|102.925,2025-10-16,5.787500,102.902444,29.84,0.88,-0.09,0.0,ok
2024-07-30|17.925|-71.675,2024-07-30,17.928000,-71.661806,29.46,0.96,0.56,0.93,ok
2024-04-30|5.925|102.775,2024-04-30,5.914444,102.754056,31.04,1.27,1.1,1.27,ok
2025-12-11|20.925|-156.675,2025-12-11,20.936750,-156.694639,25.98,0.71,-0.99,0.0,ok
2024-10-01|-16.525|-151.725,2024-10-01,-16.542389,-151.727028,27.650000000000002,0.78,-1.29,0.0,vecino
2023-05-11|-16.525|-151.775,2023-05-11,-16.506417,-151.783611,29.03,0.63,0.09,0.0,ok
2024-12-27|-26.825|32.875,2024-12-27,-26.813444,32.894611,26.68,1.02,-0.29,0.0,ok
2022-07-07|5.825|102.625,2022-07-07,5.832417,102.614611,30.3,0.72,0.3,0.22,ok
2023-06-10|4.225|118.625,2023-06-10,4.248972,118.632083,29.400000000000002,0.31,0.17,2.72,ok
2022-08-30|2.525|103.975,2022-08-30,2.534944,103.970583,28.71,0.16,-0.89,0.0,ok
2023-04-08|-26.625|153.175,2023-04-08,-26.645000,153.160806,25.88,1.02,-0.34,0.6,ok
2023-02-05|-18.725|147.075,2023-02-05,-18.701217,147.099917,29.61,1.12,1.06,0.3,ok
2023-03-13|-16.525|-151.725,2023-03-13,-16.534778,-151.729861,29.26,0.35000000000000003,0.32,0.0,vecino
2024-08-05|23.625|35.825,2024-08-05,23.623306,35.821694,32.7,2.7800000000000002,2.46,7.01,ok
2026-05-27|19.675|-156.025,2026-05-27,19.667722,-156.029472,26.09,0.66,-1.1500000000000001,0.0,vecino
2022-08-03|6.725|116.325,2022-08-03,6.712722,116.329528,30.34,0.8,0.37,0.0,ok
2022-08-30|-27.325|153.225,2022-08-30,-27.347222,153.243167,18.490000000000002,-1.6,-7.8100000000000005,0.0,ok
2023-09-10|4.925|118.275,2023-09-10,4.923972,118.266722,30.080000000000002,1.1400000000000001,0.34,0.0,ok
2023-03-15|2.225|104.125,2023-03-15,2.221722,104.146167,27.54,-0.93,-2.06,0.0,ok
2023-11-24|6.875|117.375,2023-11-24,6.894972,117.372306,29.46,0.73,-0.14,2.84,ok
2023-11-13|-8.325|116.025,2023-11-13,-8.338080,116.032770,29.82,1.07,0.75,0.0,ok
2024-04-28|6.725|116.375,2024-04-28,6.720111,116.368417,30.3,1.36,0.32,0.0,ok
2021-01-13|-8.675|115.425,2021-01-13,-8.676167,115.439806,28.62,0.18,0.15,1.41,ok
2024-08-22|6.175|118.125,2024-08-22,6.169861,118.108944,29.830000000000002,0.58,0.49,1.59,ok
2023-05-25|-27.475|153.425,2023-05-25,-27.472028,153.409944,20.71,-2.0,-5.38,0.89,ok
2022-05-21|4.575|118.625,2022-05-21,4.559778,118.615167,29.8,0.48,0.43,0.0,ok
2024-10-17|-16.575|-151.775,2024-10-17,-16.551472,-151.778389,27.18,0.15,-1.76,0.0,ok
2024-03-03|-4.525|129.775,2024-03-03,-4.525000,129.785278,30.240000000000002,1.51,1.06,2.86,ok
2022-08-13|4.575|118.925,2022-08-13,4.579306,118.940250,29.48,0.93,0.25,0.0,ok
2021-08-13|-8.675|115.525,2021-08-13,-8.676389,115.530028,27.68,1.09,-0.87,0.0,ok
2021-04-05|2.825|104.175,2021-04-05,2.824167,104.157389,29.54,0.48,-0.05,0.0,ok
2022-12-15|7.125|117.525,2022-12-15,7.119250,117.509250,29.060000000000002,0.85,-0.47000000000000003,0.0,ok
2021-11-11|27.275|33.825,2021-11-11,27.284444,33.831389,26.35,0.59,-1.3900000000000001,1.76,ok
2023-10-01|2.525|103.975,2023-10-01,2.517778,103.978361,29.27,0.55,-0.33,0.0,ok
2021-02-14|-19.175|146.825,2021-02-14,-19.171338,146.848462,29.26,0.43,0.43,0.71,ok
2023-05-14|6.725|116.325,2023-05-14,6.705139,116.320528,29.72,0.25,-0.25,0.0,ok
2022-07-25|2.175|104.125,2022-07-25,2.178278,104.109222,29.650000000000002,0.84,0.04,0.0,ok
2025-08-14|-8.675|115.525,2025-08-14,-8.676667,115.528333,27.47,0.9,-1.08,0.15,ok
2023-03-07|-8.325|116.025,2023-03-07,-8.338080,116.032770,28.240000000000002,-0.25,-0.8300000000000001,0.3,ok
2021-07-31|5.975|102.675,2021-07-31,5.962167,102.680833,30.060000000000002,0.77,0.1,0.3,ok
2024-07-16|2.175|104.125,2024-07-16,2.172889,104.112028,29.42,0.5,-0.19,3.7800000000000002,ok
2024-03-21|4.175|100.525,2024-03-21,4.189889,100.548306,30.7,1.4000000000000001,0.9500000000000001,0.9400000000000001,ok
2025-07-20|-8.725|115.475,2025-07-20,-8.715000,115.456667,28.04,1.24,-0.44,1.77,vecino
2023-05-13|-16.475|-151.775,2023-05-13,-16.457028,-151.775806,28.94,0.56,0.0,0.0,ok
2023-05-12|5.975|102.675,2023-05-12,5.962167,102.680833,30.970000000000002,1.04,1.01,0.29,ok
2022-11-05|-23.425|151.925,2022-11-05,-23.434000,151.917694,23.91,0.07,-3.21,0.0,ok
2023-06-11|4.225|118.675,2023-06-11,4.225278,118.688056,29.11,0.04,-0.11,2.84,ok
2024-11-20|-8.375|116.025,2024-11-20,-8.363917,116.034806,30.69,1.95,1.6600000000000001,3.19,ok
2022-09-07|4.975|118.275,2022-09-07,4.950861,118.257889,29.18,0.26,-0.56,0.0,vecino
2022-11-03|-16.575|-151.775,2022-11-03,-16.551472,-151.778389,27.26,-0.03,-1.68,0.0,ok
2021-11-08|-23.425|151.925,2021-11-08,-23.434889,151.911000,24.54,0.55,-2.58,0.0,ok
2023-05-24|4.625|118.775,2023-05-24,4.602250,118.768167,29.92,0.7000000000000001,0.62,1.23,ok
2024-11-08|-16.525|-151.775,2024-11-08,-16.529528,-151.772278,28.12,0.74,-0.8200000000000001,0.0,ok
2023-05-21|6.375|116.325,2023-05-21,6.374250,116.343111,30.38,0.68,0.32,0.0,ok
2022-11-28|-23.425|151.925,2022-11-28,-23.444694,151.918389,25.59,0.62,-1.53,0.0,ok
2024-06-07|17.175|-62.625,2024-06-07,17.160056,-62.630556,29.240000000000002,1.87,0.87,0.16,ok
2023-09-25|18.375|-68.825,2023-09-25,18.363540,-68.841261,30.2,1.7,1.6600000000000001,9.43,vecino
2022-05-17|2.475|104.475,2022-05-17,2.459889,104.489306,30.07,0.46,0.44,0.3,ok
2023-03-01|4.025|100.525,2023-03-01,4.006500,100.534806,29.46,0.43,-0.3,0.0,ok
2024-11-17|-16.475|-151.725,2024-11-17,-16.479556,-151.720389,27.580000000000002,0.07,-1.36,0.0,ok
2023-09-20|-27.425|153.225,2023-09-20,-27.424556,153.227833,21.37,1.01,-4.83,0.0,ok
2023-10-02|-23.425|151.925,2023-10-02,-23.435334,151.936525,23.22,1.0,-3.9,0.0,ok
2023-07-07|2.825|104.175,2023-07-07,2.824167,104.157389,29.45,0.56,-0.14,0.0,ok
2024-12-12|-13.325|48.175,2024-12-12,-13.321389,48.153056,29.61,1.18,0.46,0.0,ok
2022-03-18|-8.325|116.025,2022-03-18,-8.348959,116.044249,29.78,1.22,0.71,0.0,ok
2023-04-20|-8.375|116.025,2023-04-20,-8.357222,116.042889,29.490000000000002,0.5,0.46,0.0,ok
2025-09-18|19.625|-155.975,2025-09-18,19.620028,-155.988111,27.330000000000002,0.11,0.1,0.0,ok
2023-07-08|6.475|117.875,2023-07-08,6.483306,117.893222,30.12,0.85,0.67,4.62,ok
2022-07-19|4.275|113.875,2022-07-19,4.296111,113.853861,30.09,0.54,0.22,0.0,ok
2021-02-13|-19.175|146.875,2021-02-13,-19.154300,146.866050,29.04,0.22,0.22,0.53,ok
2023-04-11|-27.425|153.225,2023-04-11,-27.418222,153.235028,23.55,-0.44,-2.65,3.77,ok
2024-05-11|-8.325|116.025,2024-05-11,-8.337639,116.037639,29.68,0.78,0.61,2.43,ok
2025-05-26|19.675|-156.025,2025-05-26,19.655028,-156.031833,26.25,0.84,-0.99,0.0,vecino
2022-09-07|3.675|73.475,2022-09-07,3.677639,73.468722,27.94,-0.43,-1.73,0.0,ok
2022-12-10|7.025|117.475,2022-12-10,7.043861,117.465167,29.11,0.76,-0.44,0.0,ok
2025-10-24|20.075|-155.875,2025-10-24,20.060889,-155.850972,27.05,0.16,-0.13,0.0,ok
2025-05-06|6.475|117.875,2025-05-06,6.479083,117.890806,30.28,0.9400000000000001,0.8300000000000001,0.45,ok
2025-08-02|5.625|103.175,2025-08-02,5.625556,103.159500,30.240000000000002,1.23,0.39,0.14,ok
2022-05-08|-16.425|-151.775,2022-05-08,-16.448056,-151.765889,28.54,0.09,-0.4,0.0,ok
2024-07-10|6.525|117.925,2024-07-10,6.513444,117.905611,29.96,0.73,0.55,0.29,ok
2022-12-04|-18.625|147.075,2022-12-04,-18.613000,147.068550,28.29,0.96,-0.21,0.0,ok
2021-06-29|18.425|-77.075,2021-06-29,18.416611,-77.079000,28.740000000000002,0.38,-0.49,0.0,ok
2022-11-12|-8.325|116.025,2022-11-12,-8.337639,116.037639,30.25,1.53,1.18,0.17,ok
2022-03-25|-16.525|-151.725,2022-03-25,-16.549056,-151.703778,28.68,-0.2,-0.26,0.0,vecino
2024-05-05|6.375|116.325,2024-05-05,6.368444,116.318944,31.34,2.02,1.28,0.34,ok
2024-11-28|-4.525|129.875,2024-11-28,-4.511389,129.871111,31.060000000000002,1.9100000000000001,1.8800000000000001,1.99,ok
2021-05-11|-8.725|115.875,2021-05-11,-8.749500,115.894528,28.89,0.49,0.2,0.0,ok
2026-02-11|-8.675|115.525,2026-02-11,-8.675833,115.520278,28.16,-0.27,-0.39,0.0,ok
2023-05-16|6.725|116.375,2023-05-16,6.707556,116.372139,30.05,0.52,0.07,0.0,ok
2024-08-06|5.775|103.025,2024-08-06,5.758639,103.029389,30.22,1.1300000000000001,0.3,6.25,ok
2021-08-15|12.525|-81.725,2021-08-15,12.519167,-81.730278,28.490000000000002,0.52,0.07,0.0,ok
2023-05-25|-8.325|116.075,2023-05-25,-8.348667,116.085806,29.01,0.31,-0.06,0.15,ok
2023-03-09|-27.375|153.225,2023-03-09,-27.388565,153.224549,26.21,0.85,-0.05,1.62,ok
2024-06-16|2.525|103.975,2024-06-16,2.548556,103.960028,30.19,0.9500000000000001,0.59,7.53,ok
2021-04-03|27.325|33.825,2021-04-03,27.311944,33.801750,22.54,0.16,-5.12,0.0,ok
2024-07-15|2.325|104.125,2024-07-15,2.303000,104.149000,29.39,0.49,-0.21,4.5,ok
2022-11-12|-18.525|146.475,2022-11-12,-18.544333,146.488575,27.7,0.68,-1.09,0.0,ok
2022-08-10|2.475|103.975,2022-08-10,2.472750,103.959694,29.3,0.73,-0.31,0.0,ok
2022-10-05|4.625|118.775,2022-10-05,4.632222,118.796639,30.12,1.29,0.8200000000000001,0.0,ok
2025-09-15|4.825|118.275,2025-09-15,4.812000,118.289361,30.03,1.08,0.3,0.0,ok
2024-10-01|-16.575|-151.725,2024-10-01,-16.552583,-151.732556,27.59,0.73,-1.35,0.0,ok
2022-08-02|6.725|116.375,2022-08-02,6.720111,116.368417,30.52,0.97,0.54,0.0,ok
2023-09-30|-23.425|151.925,2023-09-30,-23.443806,151.913306,23.14,1.01,-3.98,0.0,ok
2022-07-02|-8.325|116.025,2022-07-02,-8.337639,116.037639,28.96,1.03,-0.11,3.8000000000000003,ok
2024-10-25|-8.675|115.525,2024-10-25,-8.676222,115.517806,28.5,0.92,-0.05,0.0,ok
2024-09-30|19.725|-156.075,2024-09-30,19.706778,-156.050028,26.92,-0.25,-0.33,0.0,ok
2025-01-19|10.275|-75.575,2025-01-19,10.278750,-75.597417,28.53,1.05,-0.5700000000000001,1.8900000000000001,ok
2022-08-22|2.525|103.975,2022-08-22,2.549611,103.961417,29.060000000000002,0.54,-0.54,0.0,ok
2022-07-20|4.275|113.825,2022-07-20,4.276389,113.816667,29.990000000000002,0.44,0.13,0.0,ok
2022-09-08|3.625|73.375,2022-09-08,3.619639,73.372417,27.900000000000002,-0.48,-1.75,0.0,ok
2025-12-07|14.425|-60.875,2025-12-07,14.446806,-60.892306,27.97,0.59,-0.37,8.06,ok
2025-07-02|-8.375|116.025,2025-07-02,-8.363917,116.034806,28.7,0.8200000000000001,-0.33,0.15,ok
2025-02-02|19.725|-156.075,2025-02-02,19.704833,-156.050194,25.39,0.76,-1.86,0.0,ok
2025-07-27|24.925|34.975,2025-07-27,24.927222,34.964722,31.52,3.13,2.57,3.62,ok
2025-12-21|20.175|-155.925,2025-12-21,20.184222,-155.901972,26.330000000000002,1.07,-0.78,0.0,ok
2025-03-08|-8.725|115.875,2025-03-08,-8.723611,115.899722,29.22,0.91,0.53,0.0,ok
2023-09-12|4.875|118.275,2023-09-12,4.853028,118.266500,30.3,1.35,0.56,0.0,ok
2025-08-23|10.275|-75.575,2025-08-23,10.278750,-75.597417,29.8,0.74,0.7000000000000001,0.29,ok
2023-09-23|4.575|118.975,2023-09-23,4.570194,118.956917,29.3,0.54,0.08,0.0,ok
2022-06-30|-27.425|153.225,2022-06-30,-27.424556,153.227833,18.31,-3.22,-7.890000000000001,0.0,ok
2024-04-30|2.675|103.875,2024-04-30,2.652528,103.883056,31.330000000000002,1.77,1.71,4.39,ok
2025-10-10|19.825|-156.025,2025-10-10,19.811639,-156.007611,27.1,-0.03,-0.16,0.0,ok
2021-04-08|2.875|104.175,2021-04-08,2.874278,104.187556,29.34,0.17,-0.25,0.0,ok
2022-04-04|-26.825|153.125,2022-04-04,-26.805957,153.129785,25.52,0.73,-0.68,0.0,ok
2021-03-18|-18.675|146.525,2021-03-18,-18.668944,146.507028,28.990000000000002,1.06,0.24,0.15,ok
2024-07-24|24.925|34.975,2024-07-24,24.943500,34.985639,31.810000000000002,3.5100000000000002,2.86,5.53,ok
2025-02-02|19.675|-156.025,2025-02-02,19.671694,-156.029861,25.35,0.71,-1.8900000000000001,0.0,vecino
2025-05-28|-8.325|116.075,2025-05-28,-8.348667,116.085806,30.0,1.35,0.93,0.15,ok
2022-10-03|2.475|103.975,2022-10-03,2.483472,103.956111,29.150000000000002,0.41000000000000003,-0.46,0.0,ok
2021-04-09|2.775|104.175,2021-04-09,2.758361,104.199167,29.5,0.29,-0.09,0.0,vecino
2022-11-13|-18.575|146.475,2022-11-13,-18.576900,146.466867,27.91,0.8300000000000001,-0.88,0.0,ok
2025-02-01|19.675|-156.025,2025-02-01,19.690417,-156.039417,25.51,0.86,-1.73,0.0,vecino
2022-08-02|-26.625|153.125,2022-08-02,-26.615028,153.112944,19.32,-0.97,-6.890000000000001,0.0,ok
2023-06-13|2.475|103.975,2023-06-13,2.472750,103.959694,29.04,-0.23,-0.5700000000000001,0.48,ok
2023-10-01|-23.425|151.925,2023-10-01,-23.438778,151.913889,23.18,1.0,-3.94,0.0,ok
2021-04-07|2.825|104.175,2021-04-07,2.816000,104.151028,29.41,0.27,-0.18,0.0,ok
2023-07-28|5.775|103.025,2023-07-28,5.779611,103.042611,30.23,1.07,0.31,1.44,ok
2025-01-19|-26.775|32.875,2025-01-19,-26.779611,32.899028,27.55,1.21,0.58,2.36,ok
2024-07-12|6.525|117.925,2024-07-12,6.506528,117.927528,29.830000000000002,0.61,0.42,0.29,ok
2025-06-19|2.475|103.975,2025-06-19,2.476028,103.965361,29.43,0.23,-0.18,0.0,ok
2024-04-29|6.725|116.325,2024-04-29,6.706611,116.321250,29.77,0.8200000000000001,-0.2,0.0,ok
2026-02-07|-8.325|116.025,2026-02-07,-8.337639,116.037639,28.09,-0.42,-0.98,0.0,ok
2024-05-19|-16.425|-151.775,2024-05-19,-16.448056,-151.765889,28.55,0.29,-0.39,3.24,ok
2021-09-19|-26.625|153.125,2021-09-19,-26.616062,153.116169,21.48,0.53,-4.73,0.0,ok
2021-03-17|-18.575|146.475,2021-03-17,-18.576900,146.466867,28.86,0.87,0.07,0.15,ok
2021-09-07|5.975|116.025,2021-09-07,5.967778,116.012611,29.67,0.25,-0.4,0.0,ok
2023-11-19|-20.275|148.825,2023-11-19,-20.250444,148.814389,26.21,-0.26,-1.99,0.0,ok
2023-07-03|2.525|103.975,2023-07-03,2.549917,103.958278,29.27,0.25,-0.33,0.49,ok
2023-05-05|2.675|103.875,2023-05-05,2.692580,103.879590,30.42,0.84,0.8,0.16,ok
2023-11-28|-16.475|-151.775,2023-11-28,-16.499028,-151.757333,28.02,0.39,-0.92,0.0,ok
2025-03-12|-16.525|-151.725,2025-03-12,-16.542389,-151.727028,29.19,0.29,0.25,0.0,vecino
2021-10-26|6.175|118.075,2021-10-26,6.154472,118.058528,29.96,0.77,0.59,2.32,ok
2023-11-12|-16.425|-151.775,2023-11-12,-16.448056,-151.765889,27.77,0.32,-1.17,0.0,ok
2021-03-14|-27.425|153.525,2021-03-14,-27.414306,153.526111,27.17,1.6300000000000001,0.99,1.68,ok
2024-12-13|6.775|116.625,2024-12-13,6.776000,116.616139,29.580000000000002,1.34,-0.38,0.0,ok
2021-11-20|-26.625|153.175,2021-11-20,-26.645292,153.160656,23.39,-0.1,-2.83,0.0,ok
2023-05-24|4.675|118.675,2023-05-24,4.652556,118.664722,30.09,0.79,0.7000000000000001,1.37,ok
2024-12-31|-26.725|32.925,2024-12-31,-26.705528,32.906889,26.96,1.16,-0.02,0.0,ok
2024-06-01|-16.525|-151.775,2024-06-01,-16.529528,-151.772278,28.35,0.41000000000000003,-0.59,2.91,ok
2022-06-07|4.225|118.625,2022-06-07,4.231389,118.633611,29.94,0.84,0.71,0.0,ok
2022-07-22|5.925|102.725,2022-07-22,5.910611,102.709806,29.78,0.44,-0.17,0.18,ok
2021-04-07|2.925|104.125,2021-04-07,2.902306,104.102472,29.42,0.28,-0.17,0.0,ok
2024-04-25|-8.675|115.525,2024-04-25,-8.676083,115.532167,29.71,1.31,1.16,8.65,ok
2021-08-07|6.725|116.375,2021-08-07,6.702278,116.363528,30.57,1.02,0.59,0.0,ok
2023-05-23|4.575|118.775,2023-05-23,4.567972,118.758306,29.79,0.58,0.51,0.97,ok
2023-06-15|2.675|103.875,2023-06-15,2.655056,103.880194,29.21,-0.07,-0.41000000000000003,0.48,ok
2025-07-03|6.475|117.875,2025-07-03,6.483306,117.893222,29.59,0.28,0.14,2.06,ok
2022-08-20|-8.325|116.025,2022-08-20,-8.337639,116.037639,28.54,1.27,-0.53,0.0,ok
2021-05-04|-8.725|115.875,2021-05-04,-8.749500,115.894528,28.91,0.44,0.22,0.0,ok
2024-03-04|2.025|102.325,2024-03-04,2.049056,102.333694,28.900000000000002,0.51,-1.1300000000000001,0.0,ok
2023-11-03|4.575|118.575,2023-11-03,4.555306,118.589944,30.580000000000002,1.68,1.17,1.77,ok
2023-05-25|-27.525|153.375,2023-05-25,-27.518318,153.384948,19.85,-2.85,-6.21,1.1500000000000001,ok
2023-08-24|10.025|99.525,2023-08-24,10.039850,99.504880,29.38,0.72,-0.75,0.0,ok
2022-10-05|-8.375|116.025,2022-10-05,-8.357222,116.042889,29.3,1.52,0.27,0.0,ok
2025-04-08|2.225|104.125,2025-04-08,2.221722,104.146167,29.32,0.12,-0.28,0.0,ok
2026-06-17|-8.325|116.025,2026-06-17,-8.348959,116.044249,,,,,sin_dato
2021-07-29|10.075|99.825,2021-07-29,10.066417,99.841472,29.32,0.45,-0.8300000000000001,0.67,ok
2021-10-28|6.475|117.875,2021-10-28,6.483306,117.893222,29.71,0.56,0.26,0.46,ok
2022-07-21|5.775|103.075,2022-07-21,5.773278,103.059222,29.34,0.15,-0.5700000000000001,0.0,ok
2025-07-21|25.225|34.775,2025-07-21,25.243972,34.798611,29.96,2.05,1.27,2.09,ok
2024-11-20|7.075|117.025,2024-11-20,7.078444,117.029528,29.89,1.06,0.13,0.0,ok
2021-11-11|-8.325|116.025,2021-11-11,-8.348959,116.044249,29.92,1.22,0.85,0.44,ok
2023-09-20|2.575|103.925,2023-09-20,2.560417,103.941028,29.39,0.74,-0.22,0.0,ok
2024-08-15|6.525|117.925,2024-08-15,6.520389,117.929583,30.07,0.78,0.66,0.92,ok
2023-03-31|11.275|-60.525,2023-03-31,11.299667,-60.508667,26.73,0.23,-1.77,0.0,ok
2022-07-26|2.225|104.075,2022-07-26,2.226111,104.053056,29.69,0.9,0.09,0.0,ok
2023-09-21|-27.325|153.225,2023-09-21,-27.347222,153.243167,21.3,0.93,-5.0,0.0,ok
2021-10-17|6.525|117.925,2021-10-17,6.543639,117.920028,30.02,0.75,0.61,0.76,ok
2024-05-04|5.825|102.625,2024-05-04,5.825861,102.612944,31.19,1.32,1.19,2.12,ok
2022-09-07|3.825|73.375,2022-09-07,3.836722,73.367806,27.91,-0.47000000000000003,-1.75,0.0,ok
2024-12-14|7.025|117.475,2024-12-14,7.043861,117.465167,29.29,1.03,-0.26,0.76,ok
2024-09-29|19.675|-156.025,2024-09-29,19.667944,-156.029472,26.93,-0.24,-0.31,0.0,vecino
2025-10-16|5.775|102.875,2025-10-16,5.794444,102.892194,29.84,0.88,-0.1,0.0,ok
2023-10-01|-23.475|151.925,2023-10-01,-23.454806,151.923806,23.09,0.9400000000000001,-4.03,0.0,ok
2022-08-04|6.725|116.325,2022-08-04,6.701222,116.338556,30.150000000000002,0.61,0.18,0.0,ok
2025-02-12|-8.675|115.525,2025-02-12,-8.675000,115.519444,28.88,0.45,0.33,3.74,ok
2022-09-19|2.425|103.975,2022-09-19,2.423306,103.990167,28.66,0.02,-0.9500000000000001,0.0,ok
2023-08-15|6.575|117.925,2023-08-15,6.552056,117.924694,30.400000000000002,1.12,1.0,4.74,ok
2022-12-11|-16.525|-151.775,2022-12-11,-16.506417,-151.783611,27.94,0.16,-1.0,0.0,ok
2023-10-18|-4.525|129.675,2023-10-18,-4.536333,129.694500,28.2,0.31,-0.99,0.0,ok
2024-08-06|4.625|118.775,2024-08-06,4.632222,118.796639,29.900000000000002,1.32,0.6,2.48,ok
2022-07-21|5.625|103.075,2022-07-21,5.610111,103.063000,29.41,0.26,-0.46,0.0,ok
2025-10-12|-16.525|-151.725,2025-10-12,-16.535278,-151.728444,27.35,0.37,-1.59,0.0,vecino
2023-07-02|2.525|103.975,2023-07-02,2.548556,103.960028,29.3,0.27,-0.3,0.49,ok
2025-05-06|6.525|117.925,2025-05-06,6.506528,117.927528,30.22,0.93,0.81,0.15,ok
2023-08-26|5.625|103.075,2023-08-26,5.610111,103.063000,30.17,1.23,0.3,0.0,ok
2021-05-05|-8.725|115.875,2021-05-05,-8.746611,115.892361,29.26,0.8,0.5700000000000001,0.0,ok
2024-06-13|14.625|-61.125,2024-06-13,14.643306,-61.141667,29.1,1.76,0.64,0.0,vecino
2023-10-02|5.775|102.925,2023-10-02,5.787500,102.902444,29.84,0.9,-0.09,0.0,ok
2022-09-24|-20.275|148.825,2022-09-24,-20.252556,148.812917,24.37,1.11,-3.83,0.0,ok
2023-03-15|-16.525|-151.775,2023-03-15,-16.539667,-151.788722,29.43,0.49,0.49,0.0,ok
2025-07-24|25.325|34.725,2025-07-24,25.334222,34.744583,30.57,2.67,1.95,2.93,ok
2024-05-15|-8.325|116.025,2024-05-15,-8.338080,116.032770,29.72,0.85,0.65,2.43,ok
2025-05-25|-8.675|115.475,2025-05-25,-8.683611,115.483056,28.990000000000002,1.1,0.51,2.67,ok
2023-06-13|4.225|118.675,2023-06-13,4.201556,118.689861,29.46,0.4,0.24,2.84,ok
2023-09-07|3.525|72.925,2023-09-07,3.515983,72.918364,28.95,0.53,-0.59,0.0,ok
2023-08-09|2.475|103.975,2023-08-09,2.451722,103.985056,29.1,0.52,-0.51,0.0,ok
2024-05-17|2.475|103.975,2024-05-17,2.481778,103.955694,30.85,1.26,1.24,7.53,ok
2025-02-26|-8.675|115.525,2025-02-26,-8.675833,115.526944,28.95,0.58,0.4,0.46,ok
2022-03-10|-16.525|-151.725,2022-03-10,-16.535278,-151.728444,28.37,-0.5,-0.5700000000000001,0.0,vecino
2024-05-04|6.375|116.325,2024-05-04,6.390028,116.322778,30.95,1.6600000000000001,0.89,0.16,ok
2022-06-10|4.825|103.675,2022-06-10,4.806056,103.674472,29.76,0.45,0.16,0.29,ok
2023-09-05|4.075|72.975,2023-09-05,4.055825,72.956381,28.97,0.52,-0.6,0.0,ok
2021-09-13|2.425|103.975,2021-09-13,2.442389,103.973083,28.900000000000002,0.3,-0.71,0.0,ok
2025-12-13|20.825|-156.625,2025-12-13,20.802944,-156.606694,26.13,0.8,-0.97,0.0,vecino
2023-06-20|-27.375|153.575,2023-06-20,-27.390556,153.551111,21.91,-0.33,-4.34,0.0,ok
2025-02-12|-8.675|115.475,2025-02-12,-8.663333,115.466944,28.88,0.43,0.4,3.79,ok
2021-11-20|-16.475|-151.775,2021-11-20,-16.457028,-151.775806,27.7,0.15,-1.24,0.0,ok
2022-05-10|2.425|101.875,2022-05-10,2.426972,101.855528,30.18,0.35000000000000003,0.03,0.0,vecino
2026-07-01|-8.375|116.025,2026-07-01,-8.357222,116.042889,,,,,sin_dato
2024-12-15|14.625|-61.125,2024-12-15,14.643306,-61.141667,28.82,1.52,0.36,15.8,vecino
2024-07-05|27.275|33.825,2024-07-05,27.284444,33.831389,28.92,2.52,1.18,2.32,ok
2024-06-19|12.475|-61.475,2024-06-19,12.484861,-61.495611,28.810000000000002,1.61,0.35000000000000003,0.0,ok
2022-05-16|2.425|104.525,2022-05-16,2.441806,104.509528,30.02,0.37,0.36,0.14,ok
2024-03-19|-8.325|116.025,2024-03-19,-8.338080,116.032770,29.26,0.6900000000000001,0.19,3.33,ok
2023-04-19|-8.325|116.025,2023-04-19,-8.348959,116.044249,29.71,0.67,0.64,0.0,ok
2022-02-12|6.075|100.075,2022-02-12,6.073139,100.057389,29.2,0.6900000000000001,-1.17,0.0,ok
2022-06-05|4.225|118.675,2022-06-05,4.218111,118.671889,29.77,0.67,0.55,0.0,ok
2022-05-31|16.225|-61.275,2022-05-31,16.239889,-61.285194,27.7,0.59,-0.56,0.0,ok
2021-11-13|-24.125|152.725,2021-11-13,-24.114000,152.719694,24.810000000000002,0.49,-2.3000000000000003,0.0,ok
2021-11-04|4.925|118.225,2021-11-04,4.907389,118.243250,30.54,1.4000000000000001,0.79,0.0,ok
2023-10-16|-20.275|148.975,2023-10-16,-20.254155,148.969225,24.37,-0.22,-3.7800000000000002,0.0,vecino
2021-11-05|4.925|118.225,2021-11-05,4.920778,118.201278,30.490000000000002,1.35,0.74,0.0,ok
2022-10-06|4.675|118.675,2022-10-06,4.652556,118.664722,30.14,1.26,0.75,0.0,ok
2025-06-27|4.225|118.675,2025-06-27,4.225278,118.688056,29.400000000000002,0.55,0.18,2.41,ok
2021-05-27|-8.675|115.525,2021-05-27,-8.676508,115.533105,29.400000000000002,1.42,0.85,0.0,ok
2023-05-06|-16.525|-151.775,2023-05-06,-16.529528,-151.772278,28.95,0.48,0.01,0.0,ok
2023-06-29|2.575|103.925,2023-06-29,2.560556,103.947694,29.46,0.39,-0.15,0.49,ok
2022-08-21|6.475|117.875,2022-08-21,6.483306,117.893222,30.12,0.81,0.67,0.77,ok
2022-06-20|-16.525|-151.775,2022-06-20,-16.529528,-151.772278,27.650000000000002,0.14,-1.29,0.0,ok
2021-07-15|5.825|103.025,2021-07-15,5.817667,103.010361,29.73,0.47000000000000003,-0.19,0.0,ok
2025-03-26|-4.525|129.975,2025-03-26,-4.530278,129.952500,29.72,0.9,0.53,0.77,ok
2023-07-08|-8.325|116.025,2023-07-08,-8.337639,116.037639,28.990000000000002,1.21,-0.08,0.29,ok
2022-08-09|2.475|103.975,2022-08-09,2.481778,103.955694,29.11,0.53,-0.5,0.0,ok
2022-06-25|-26.625|153.175,2022-06-25,-26.635200,153.151800,20.8,-0.54,-5.42,0.0,ok
2025-07-08|-8.725|115.475,2025-07-08,-8.716389,115.456667,28.400000000000002,1.34,-0.08,2.23,vecino
2024-06-28|4.125|118.625,2024-06-28,4.104278,118.631583,29.63,0.77,0.39,4.37,ok
2023-05-07|-16.525|-151.725,2023-05-07,-16.533639,-151.734333,28.76,0.3,-0.18,0.0,vecino
2021-08-14|10.275|-75.575,2021-08-14,10.291222,-75.592694,29.51,0.41000000000000003,0.41000000000000003,0.0,ok
2023-10-06|-8.325|116.025,2023-10-06,-8.341001,116.027960,28.7,0.8200000000000001,-0.37,0.0,ok
2022-06-30|-27.375|153.225,2022-06-30,-27.388565,153.224549,18.37,-3.14,-7.890000000000001,0.0,ok
2022-11-30|-16.525|-151.725,2022-11-30,-16.529667,-151.728194,27.66,0.0,-1.28,0.0,vecino
2021-11-04|4.975|118.275,2021-11-04,4.963028,118.252750,30.51,1.3800000000000001,0.77,0.0,vecino
2024-06-15|-8.325|116.025,2024-06-15,-8.337639,116.037639,29.23,0.88,0.16,2.43,ok
2021-08-06|6.725|116.325,2021-08-06,6.721583,116.348417,30.27,0.73,0.3,0.0,ok
2022-07-26|2.275|104.125,2022-07-26,2.271167,104.127333,29.68,0.91,0.08,0.0,ok
2025-05-24|-16.525|-151.775,2025-05-24,-16.529528,-151.772278,28.71,0.58,-0.23,0.0,ok
2023-07-16|6.225|99.725,2023-07-16,6.224806,99.743944,30.54,0.76,0.23,0.84,ok
2022-09-08|4.975|118.275,2022-09-08,4.967111,118.264028,29.310000000000002,0.38,-0.43,0.0,vecino
2021-08-28|4.525|118.925,2021-08-28,4.504194,118.941722,29.71,1.08,0.49,0.0,ok
2021-03-21|13.375|-81.375,2021-03-21,13.384444,-81.387528,26.97,0.2,-1.46,0.0,ok
2022-11-12|-18.575|146.475,2022-11-12,-18.576900,146.483533,27.67,0.64,-1.12,0.0,ok
2023-07-01|6.525|117.925,2023-07-01,6.513444,117.905611,30.3,1.0,0.89,3.8200000000000003,ok
2022-12-14|7.175|117.375,2022-12-14,7.189833,117.370222,29.060000000000002,0.81,-0.53,0.0,ok
2023-06-07|-8.675|115.525,2023-06-07,-8.673852,115.512190,28.37,0.51,-0.18,0.3,ok
2025-09-20|20.125|-155.875,2025-09-20,20.103389,-155.883139,26.810000000000002,-0.33,-0.35000000000000003,0.0,ok
2025-07-22|25.225|34.825,2025-07-22,25.237250,34.800139,30.47,2.5100000000000002,1.77,2.36,ok
2022-11-19|27.325|33.825,2022-11-19,27.311944,33.801750,25.39,-0.01,-2.27,0.3,ok
2022-02-12|6.075|100.025,2022-02-12,6.056194,100.035944,29.23,0.6900000000000001,-1.1400000000000001,0.0,ok
2025-04-23|-8.375|116.025,2025-04-23,-8.357222,116.042889,29.580000000000002,0.61,0.55,0.0,ok
2023-07-26|2.325|104.125,2023-07-26,2.303000,104.149000,29.060000000000002,0.3,-0.54,0.0,ok
2022-05-23|6.375|116.325,2022-05-23,6.390028,116.322778,30.29,0.56,0.23,0.0,ok
2025-06-03|13.075|-59.625,2025-06-03,13.085556,-59.611444,28.07,0.8300000000000001,-0.28,0.0,ok
2022-10-09|-20.025|148.875,2022-10-09,-20.039000,148.875833,25.42,1.06,-2.8000000000000003,0.0,ok
2024-02-10|-8.325|116.025,2024-02-10,-8.337639,116.037639,29.27,0.78,0.2,6.24,ok
2021-07-13|-27.425|153.225,2021-07-13,-27.424556,153.227833,18.06,-3.0500000000000003,-8.14,0.0,ok
2025-06-18|-8.675|115.525,2025-06-18,-8.675833,115.520278,29.11,1.42,0.56,2.23,ok
2025-10-08|3.825|72.775,2025-10-08,3.844822,72.751139,29.71,1.37,0.18,0.0,ok
2021-03-23|-16.525|-151.725,2021-03-23,-16.542389,-151.727028,29.27,0.38,0.33,0.0,vecino
2022-10-06|-28.125|153.475,2022-10-06,-28.109167,153.475833,22.05,0.87,-4.08,0.0,ok
2022-03-20|2.825|104.175,2022-03-20,2.824167,104.157389,29.19,0.74,-0.4,0.0,ok
2021-07-19|-28.175|153.575,2021-07-19,-28.194378,153.576610,20.06,-0.71,-6.11,0.0,ok
2023-07-14|2.925|104.125,2023-07-14,2.910833,104.112556,29.23,0.45,-0.36,0.0,ok
2025-12-09|-13.325|48.125,2025-12-09,-13.310639,48.116639,29.32,1.01,0.18,0.0,ok
2022-03-09|4.175|100.525,2022-03-09,4.189889,100.548306,29.78,0.62,0.03,0.0,ok
2024-09-02|14.475|-60.925,2024-09-02,14.456472,-60.921000,30.18,1.9000000000000001,1.82,8.24,vecino
2024-07-22|25.175|34.875,2024-07-22,25.157639,34.855333,31.400000000000002,3.38,2.66,4.63,ok
2023-09-23|4.575|118.925,2023-09-23,4.579306,118.940250,29.36,0.59,0.13,0.0,ok
2021-08-15|-8.675|115.525,2021-08-15,-8.676083,115.532167,27.8,1.24,-0.75,0.0,ok
2024-05-01|5.925|102.775,2024-05-01,5.923556,102.758306,31.05,1.26,1.11,1.43,ok
2021-09-12|2.225|104.125,2021-09-12,2.222944,104.134694,29.150000000000002,0.55,-0.45,0.0,ok
2022-04-09|-27.425|153.425,2022-04-09,-27.400694,153.437333,25.02,0.68,-1.1,1.12,ok
2024-04-20|2.825|104.175,2024-04-20,2.824167,104.157389,30.61,1.1500000000000001,1.02,0.45,ok
2025-06-12|17.225|-62.675,2025-06-12,17.216972,-62.651667,28.11,0.71,-0.28,0.0,ok
2025-08-27|9.325|-82.225,2025-08-27,9.327556,-82.220333,29.37,1.24,0.91,0.66,ok
2025-07-27|-8.675|115.475,2025-07-27,-8.663333,115.468889,27.22,0.51,-1.26,1.62,ok
2026-05-29|-8.375|116.025,2026-05-29,-8.357222,116.042889,29.19,0.6,0.16,3.94,ok
2025-08-19|19.675|-156.025,2025-08-19,19.691111,-156.043139,27.23,0.23,-0.01,0.0,vecino
2022-11-07|-23.475|151.925,2022-11-07,-23.460389,151.929194,23.73,-0.22,-3.39,0.0,ok
2021-04-20|-16.475|-151.725,2021-04-20,-16.491778,-151.709972,28.88,0.2,-0.06,0.0,ok
2022-08-17|2.575|103.925,2022-08-17,2.560833,103.946250,29.42,0.91,-0.19,0.0,ok
2021-03-22|-16.475|-151.775,2021-03-22,-16.499417,-151.783972,29.29,0.4,0.35000000000000003,0.0,ok
2025-12-10|20.925|-156.675,2025-12-10,20.936361,-156.693361,25.990000000000002,0.6900000000000001,-0.98,0.0,ok
2024-12-19|7.075|117.075,2024-12-19,7.081333,117.054444,29.150000000000002,1.02,-0.58,0.15,ok
2022-10-05|4.625|118.825,2022-10-05,4.628306,118.835194,30.080000000000002,1.26,0.81,0.0,ok
2024-08-02|5.625|103.175,2024-08-02,5.643583,103.151056,30.25,1.24,0.4,7.07,ok
2021-11-02|5.725|115.625,2021-11-02,5.729639,115.607944,30.150000000000002,0.9,0.17,0.0,ok
2021-02-25|-27.375|153.225,2021-02-25,-27.388565,153.224549,26.76,0.97,0.5,0.32,ok
2025-12-06|19.725|-156.025,2025-12-06,19.702944,-156.049861,26.1,0.25,-1.16,0.0,vecino
2025-10-08|2.525|103.975,2025-10-08,2.534944,103.970583,29.37,0.6,-0.23,0.0,ok
2024-06-28|6.075|100.025,2024-06-28,6.060639,100.041194,30.7,0.58,0.33,6.49,ok
2023-08-15|24.875|-80.575,2023-08-15,24.878333,-80.570833,31.67,2.0300000000000002,2.0300000000000002,12.55,ok
2022-03-20|2.875|104.125,2022-03-20,2.874667,104.146833,29.19,0.72,-0.4,0.0,ok
2025-09-22|6.575|117.925,2025-09-22,6.552083,117.935694,29.88,0.61,0.48,0.0,ok
2023-07-14|2.875|104.125,2023-07-14,2.874667,104.146833,29.21,0.43,-0.38,0.0,ok
2023-08-10|2.525|103.975,2023-08-10,2.547750,103.961694,29.09,0.53,-0.51,0.0,ok
2021-09-06|5.975|115.975,2021-09-06,5.959111,115.991083,29.75,0.32,-0.31,0.0,ok
2022-03-16|-8.375|116.025,2022-03-16,-8.357222,116.042889,29.63,1.1300000000000001,0.6,0.0,ok
2022-07-27|2.325|104.125,2022-07-27,2.303000,104.149000,29.580000000000002,0.8300000000000001,-0.02,0.0,ok
2022-07-05|5.825|102.625,2022-07-05,5.832472,102.609917,30.42,0.81,0.42,0.22,ok
2021-07-31|-26.625|153.125,2021-07-31,-26.613983,153.117079,20.18,-0.15,-6.03,0.0,ok
2023-06-09|16.325|-61.775,2023-06-09,16.301333,-61.772000,28.89,1.44,0.46,0.0,ok
2022-09-08|4.925|118.275,2022-09-08,4.942472,118.293944,29.310000000000002,0.38,-0.43,0.0,ok
2025-06-25|-8.725|115.925,2025-06-25,-8.719167,115.913056,28.66,1.05,-0.02,0.74,ok
2022-11-27|-16.525|-151.775,2022-11-27,-16.529528,-151.772278,27.54,-0.09,-1.4000000000000001,0.0,ok
2023-07-19|-8.675|115.475,2023-07-19,-8.684917,115.465611,27.73,0.91,-0.75,0.15,ok
2022-09-25|10.075|99.825,2022-09-25,10.071861,99.840472,29.55,0.89,-0.6,0.0,ok
2021-11-06|-23.475|151.925,2021-11-06,-23.454806,151.923806,24.27,0.37,-2.85,0.0,ok
2022-07-20|5.725|102.975,2022-07-20,5.746917,102.999833,29.42,0.19,-0.5,0.0,ok
2024-06-09|4.225|118.625,2024-06-09,4.237028,118.627361,30.14,1.05,0.91,6.48,ok
2022-11-27|-16.475|-151.775,2022-11-27,-16.499028,-151.757333,27.560000000000002,-0.06,-1.3800000000000001,0.0,ok
2022-07-05|6.525|117.925,2022-07-05,6.513444,117.905611,29.98,0.71,0.5700000000000001,1.06,ok
2022-09-09|27.275|33.825,2022-09-09,27.295167,33.830639,28.650000000000002,1.81,0.91,1.79,ok
2023-05-23|5.725|115.625,2023-05-23,5.716944,115.634944,30.41,0.75,0.43,0.0,ok
2022-07-06|6.525|117.925,2022-07-06,6.506528,117.927528,29.92,0.66,0.51,1.06,ok
2021-07-03|9.375|-76.225,2021-07-03,9.382639,-76.211917,29.63,0.61,0.59,0.0,ok
2024-09-25|19.675|-156.025,2024-09-25,19.667861,-156.029111,27.22,0.03,-0.02,0.0,vecino
2022-09-28|2.425|103.975,2022-09-28,2.426028,103.996611,28.79,0.09,-0.8200000000000001,0.0,ok
2022-11-09|-23.425|151.925,2022-11-09,-23.434556,151.922361,23.93,-0.11,-3.19,0.0,ok
2025-05-02|-8.725|115.875,2025-05-02,-8.722694,115.866639,29.080000000000002,0.58,0.39,0.3,ok
2021-08-28|5.675|103.075,2021-08-28,5.666111,103.071278,29.6,0.66,-0.29,0.0,ok
2021-04-03|4.225|118.675,2021-04-03,4.225278,118.688056,29.490000000000002,0.88,0.27,0.0,ok
2023-07-08|2.775|104.125,2023-07-08,2.792389,104.123028,29.57,0.6900000000000001,-0.02,0.0,ok
2024-08-20|6.175|118.075,2024-08-20,6.180222,118.063389,29.98,0.71,0.61,1.9000000000000001,ok
2022-09-06|4.925|118.175,2022-09-06,4.908500,118.177389,29.560000000000002,0.65,-0.19,0.0,vecino
2023-10-25|-26.375|153.075,2023-10-25,-26.359900,153.086000,23.0,0.49,-3.24,0.0,ok
2025-07-01|12.275|109.375,2025-07-01,12.270330,109.357390,28.580000000000002,0.35000000000000003,-0.37,2.32,ok
2024-09-27|19.725|-156.075,2024-09-27,19.704833,-156.050194,27.060000000000002,-0.13,-0.19,0.0,ok
2023-07-20|24.225|35.425,2023-07-20,24.216278,35.432833,31.220000000000002,2.36,1.59,1.04,ok
2022-07-23|5.625|103.075,2022-07-23,5.615194,103.057222,29.7,0.5700000000000001,-0.17,0.0,ok
2024-06-23|2.575|103.925,2024-06-23,2.558528,103.947083,29.66,0.51,0.05,7.57,ok
2025-07-02|12.225|109.325,2025-07-02,12.220850,109.324950,28.400000000000002,0.22,-0.53,2.45,ok
2023-05-22|2.825|104.125,2023-05-22,2.810000,104.136500,29.61,0.11,0.02,0.0,ok
2026-05-12|-8.675|115.525,2026-05-12,-8.673444,115.509861,29.400000000000002,1.25,0.85,4.36,ok
2021-06-16|-8.775|115.525,2021-06-16,-8.797551,115.526734,29.01,1.48,0.54,0.0,ok
2023-06-24|18.475|-66.275,2023-06-24,18.492778,-66.294722,28.8,1.2,0.26,0.0,ok
2025-11-18|5.225|115.125,2025-11-18,5.225861,115.141111,29.75,0.49,0.0,0.0,ok
2022-05-09|-16.475|-151.725,2022-05-09,-16.479556,-151.720389,28.59,0.15,-0.35000000000000003,0.0,ok
2024-11-10|17.925|-71.675,2024-11-10,17.928000,-71.661806,29.8,1.22,0.9,16.84,ok
2023-08-13|-28.125|153.475,2023-08-13,-28.109167,153.475833,21.07,0.8300000000000001,-5.0600000000000005,0.0,ok
2023-09-25|2.525|103.975,2023-09-25,2.531556,103.971333,29.04,0.36,-0.56,0.0,ok
2024-09-21|-8.325|116.025,2024-09-21,-8.337639,116.037639,28.82,1.31,-0.25,0.0,ok
2025-05-15|-8.725|115.925,2025-05-15,-8.728889,115.910556,29.240000000000002,0.9,0.56,0.46,ok
2024-06-15|2.525|103.975,2024-06-15,2.514139,103.977111,30.17,0.92,0.5700000000000001,7.53,ok
2023-05-20|6.375|116.325,2023-05-20,6.354417,116.311111,30.04,0.36,-0.02,0.0,ok
2022-11-27|-23.425|151.925,2022-11-27,-23.447194,151.911889,25.17,0.25,-1.95,0.0,ok
2021-02-11|27.125|33.975,2021-02-11,27.139333,33.954611,23.68,1.49,-4.4,0.0,ok
2024-04-30|2.625|103.875,2024-04-30,2.644417,103.888111,31.34,1.78,1.72,4.45,ok
2024-07-25|25.225|34.825,2024-07-25,25.208333,34.812917,31.6,3.52,2.9,6.55,ok
2021-09-08|4.675|118.675,2021-09-08,4.652556,118.664722,29.91,1.11,0.52,0.0,ok
2026-06-21|17.825|-87.975,2026-06-21,17.833889,-87.993917,,,,,sin_dato
2025-03-03|-4.575|130.025,2025-03-03,-4.578056,130.034722,29.69,0.99,0.51,1.82,ok
2023-02-15|-8.675|115.475,2023-02-15,-8.664639,115.468000,27.91,-0.54,-0.5700000000000001,0.62,ok
2021-03-14|-19.725|149.175,2021-03-14,-19.745648,149.182677,28.11,0.5,-0.06,0.0,ok
2023-09-10|2.075|102.325,2023-09-10,2.082222,102.333056,29.810000000000002,0.65,-0.23,0.0,ok
2025-09-13|4.525|118.575,2025-09-13,4.549111,118.599139,29.92,1.09,0.54,0.0,ok
2026-06-18|-8.325|116.025,2026-06-18,-8.344750,116.024667,,,,,sin_dato
2023-07-24|2.175|104.075,2023-07-24,2.187806,104.098139,29.09,0.27,-0.52,0.2,ok
2025-07-08|2.475|103.925,2025-07-08,2.495750,103.947500,29.490000000000002,0.51,-0.12,0.0,ok
2022-11-20|-16.475|-151.775,2022-11-20,-16.457028,-151.775806,27.27,-0.28,-1.67,0.0,ok
2023-07-11|2.775|104.225,2023-07-11,2.779306,104.212667,29.28,0.43,-0.31,0.14,ok
2025-12-02|-16.525|-151.725,2025-12-02,-16.533639,-151.734333,28.060000000000002,0.38,-0.88,0.0,vecino
2025-09-14|-16.525|-151.725,2025-09-14,-16.542694,-151.740778,27.44,0.74,-1.5,0.0,vecino
2023-05-13|-16.425|-151.775,2023-05-13,-16.448056,-151.765889,28.96,0.5700000000000001,0.02,0.0,ok
2022-10-21|2.025|102.325,2022-10-21,2.047806,102.335306,29.54,0.56,-0.49,0.0,ok
2023-09-09|4.925|118.275,2023-09-09,4.941556,118.282417,30.11,1.18,0.37,0.0,ok
2024-10-12|-26.775|32.875,2024-10-12,-26.779611,32.899028,23.03,0.16,-3.94,0.0,ok
2024-11-14|-16.425|-151.775,2024-11-14,-16.448056,-151.765889,27.75,0.27,-1.19,0.0,ok
2023-11-24|7.075|117.075,2023-11-24,7.081333,117.054444,29.560000000000002,0.8200000000000001,-0.17,0.31,ok
2024-01-21|25.525|56.375,2024-01-21,25.548250,56.361250,24.69,1.29,-7.84,0.0,ok
2021-01-27|-19.175|146.825,2021-01-27,-19.198333,146.815167,28.71,-0.08,-0.12,0.71,ok
2022-10-01|-4.475|129.925,2022-10-01,-4.499167,129.937500,29.02,1.78,-0.17,0.0,ok
2024-11-04|2.475|103.925,2024-11-04,2.488778,103.949389,30.17,1.3,0.56,0.0,ok
2025-07-09|11.675|109.175,2025-07-09,11.676340,109.181750,28.19,0.14,-0.76,0.59,ok
2024-11-19|6.875|117.375,2024-11-19,6.885861,117.382472,30.11,1.28,0.51,0.8,ok
2024-08-14|6.475|117.875,2024-08-14,6.483306,117.893222,30.240000000000002,0.93,0.79,0.8,ok
2021-11-28|-16.475|-151.725,2021-11-28,-16.479556,-151.720389,28.07,0.43,-0.87,0.0,ok
2024-09-04|6.575|117.925,2024-09-04,6.552083,117.935694,29.52,0.25,0.12,1.04,ok
2022-08-31|2.525|103.975,2022-08-31,2.530111,103.970694,29.060000000000002,0.5,-0.54,0.0,ok
2023-12-09|-8.725|115.925,2023-12-09,-8.728889,115.910556,29.37,0.97,0.6900000000000001,0.31,ok
2021-09-07|2.425|104.525,2021-09-07,2.441806,104.509528,29.330000000000002,0.71,-0.33,0.0,ok
2025-04-16|-8.675|115.475,2025-04-16,-8.663889,115.470833,29.57,1.11,1.09,0.73,ok
2021-09-07|2.575|104.325,2021-09-07,2.584444,104.336333,29.26,0.6900000000000001,-0.34,0.0,ok
2025-10-07|4.275|73.025,2025-10-07,4.265556,73.001611,29.89,1.57,0.3,0.0,ok
2022-08-21|10.325|-75.575,2022-08-21,10.301111,-75.587222,29.46,0.42,0.39,0.32,ok
2025-12-13|14.525|-61.075,2025-12-13,14.521111,-61.096194,27.82,0.5,-0.63,5.5,ok
2023-05-14|5.925|102.725,2023-05-14,5.921306,102.724750,30.93,0.99,0.98,0.46,ok
2024-05-13|2.425|104.525,2024-05-13,2.441806,104.509528,30.89,1.25,1.23,3.56,ok
2021-05-12|-8.725|115.875,2021-05-12,-8.749500,115.894528,28.92,0.54,0.23,0.0,ok
2024-12-13|6.875|116.875,2024-12-13,6.860861,116.861361,29.46,1.18,-0.38,0.0,ok
2023-06-27|18.475|-66.175,2023-06-27,18.474306,-66.189056,29.19,1.6,0.66,0.0,ok
2023-05-15|2.425|104.525,2023-05-15,2.441806,104.509528,30.0,0.34,0.34,0.0,ok
2022-12-03|-16.475|-151.725,2022-12-03,-16.491778,-151.709972,27.7,0.01,-1.24,0.0,ok
2022-10-07|13.375|-81.425,2022-10-07,13.363889,-81.404722,29.54,1.1400000000000001,1.11,4.21,ok
2022-08-05|6.725|116.375,2022-08-05,6.702278,116.363528,30.16,0.61,0.18,0.0,ok
2024-07-20|5.775|102.975,2024-07-20,5.788361,102.992611,29.98,0.74,0.06,9.16,ok
2023-10-12|-8.325|116.025,2023-10-12,-8.337639,116.037639,28.67,0.64,-0.4,0.0,ok
2024-06-22|-8.375|116.025,2024-06-22,-8.357222,116.042889,29.060000000000002,0.93,0.03,2.41,ok
2023-10-05|-23.425|151.925,2023-10-05,-23.434889,151.911000,23.46,1.1,-3.66,0.0,ok
2024-03-23|-16.525|-151.725,2024-03-23,-16.542389,-151.727028,30.29,1.4000000000000001,1.35,1.97,vecino
2021-09-07|2.475|104.475,2021-09-07,2.459889,104.489306,29.310000000000002,0.7000000000000001,-0.32,0.0,ok
2023-05-11|13.375|-81.425,2023-05-11,13.352417,-81.407361,28.45,0.88,0.02,0.0,ok
2023-05-24|5.725|115.625,2023-05-24,5.705028,115.628417,30.41,0.74,0.43,0.0,ok
2025-08-12|2.475|103.975,2025-08-12,2.481306,103.961278,28.71,0.16,-0.9,0.0,ok
2024-07-15|2.275|104.125,2024-07-15,2.273333,104.115667,29.41,0.51,-0.19,4.15,ok
2023-08-14|-27.975|153.425,2023-08-14,-27.961233,153.435076,20.96,0.75,-5.11,0.0,ok
2023-07-15|4.825|103.675,2023-07-15,4.815528,103.680389,29.8,0.98,0.2,1.33,ok
2021-03-19|-18.575|146.475,2021-03-19,-18.576900,146.483533,29.05,1.1500000000000001,0.26,0.15,ok
2022-05-22|4.575|118.575,2022-05-22,4.564639,118.593194,29.75,0.4,0.34,0.0,ok
2021-07-08|-27.325|153.225,2021-07-08,-27.347222,153.243167,18.31,-2.93,-7.99,0.0,ok
2023-03-14|-16.575|-151.725,2023-03-14,-16.552583,-151.732556,29.310000000000002,0.38,0.37,0.0,ok
2022-07-18|10.125|99.725,2022-07-18,10.116333,99.728722,29.67,0.75,-0.44,0.17,ok
2025-03-03|-16.575|-151.725,2025-03-03,-16.552583,-151.732556,29.25,0.48,0.31,0.0,ok
2021-04-02|27.175|33.975,2021-04-02,27.161639,33.983167,22.84,0.33,-5.23,0.0,ok
2022-08-19|-26.775|153.175,2022-08-19,-26.751667,153.157861,19.18,-0.9,-7.04,0.0,ok
2024-06-21|12.475|-61.475,2024-06-21,12.487778,-61.490556,28.68,1.46,0.22,0.0,ok
2021-09-07|4.575|118.775,2021-09-07,4.585444,118.785917,29.91,1.17,0.63,0.0,ok
2025-05-27|-16.525|-151.725,2025-05-27,-16.533639,-151.734333,28.69,0.62,-0.25,0.0,vecino
2026-06-24|19.425|-155.925,2026-06-24,19.423556,-155.912250,,,,,sin_dato
2021-09-24|6.025|116.025,2021-09-24,6.008056,116.003611,29.93,0.5700000000000001,-0.14,0.0,ok
2025-01-15|-8.675|115.525,2025-01-15,-8.675833,115.526944,28.990000000000002,0.54,0.44,6.65,ok
2022-10-01|5.825|102.875,2022-10-01,5.802472,102.893556,29.98,1.03,0.04,0.0,ok
2024-01-27|-8.775|115.875,2024-01-27,-8.752500,115.893333,29.22,0.77,0.58,6.69,ok
2025-08-07|2.575|103.925,2025-08-07,2.557667,103.945083,29.09,0.5,-0.52,0.0,ok
2024-05-21|2.475|103.975,2024-05-21,2.481306,103.961278,30.16,0.62,0.55,7.53,ok
2021-09-05|2.575|104.325,2021-09-05,2.579361,104.315750,29.310000000000002,0.75,-0.29,0.0,ok
2022-07-12|26.075|36.625,2022-07-12,26.055556,36.607778,29.71,0.79,-0.02,0.0,vecino
2022-02-11|-19.125|146.875,2022-02-11,-19.122683,146.881357,29.39,0.61,0.6,5.25,ok
2025-11-29|14.625|-61.125,2025-11-29,14.643306,-61.141667,28.23,0.53,-0.23,8.08,vecino
2023-07-20|-8.675|115.525,2023-07-20,-8.675111,115.514528,27.85,0.9500000000000001,-0.7000000000000001,0.15,ok
2025-10-15|5.825|102.875,2025-10-15,5.802472,102.893556,29.84,0.88,-0.1,0.0,ok
2023-10-01|5.825|102.875,2023-10-01,5.802472,102.893556,29.990000000000002,1.04,0.05,0.0,ok
2025-08-06|2.525|103.975,2025-08-06,2.549917,103.958278,29.04,0.43,-0.56,0.0,ok
2022-09-08|5.975|116.025,2022-09-08,5.973889,116.012500,29.810000000000002,0.39,-0.26,0.0,ok
2025-10-11|-8.325|116.025,2025-10-11,-8.337639,116.037639,29.16,1.16,0.09,0.0,ok
2025-06-17|2.425|103.975,2025-06-17,2.444528,103.988500,29.47,0.23,-0.14,0.0,ok
2024-05-09|5.725|115.625,2024-05-09,5.720222,115.644806,30.810000000000002,1.3900000000000001,0.8300000000000001,1.3900000000000001,ok
2022-07-22|5.875|102.775,2022-07-22,5.886028,102.770278,29.810000000000002,0.49,-0.14,0.17,ok
2021-06-17|18.425|-76.925,2021-06-17,18.410833,-76.948528,28.39,0.2,-0.8,0.0,ok
2022-02-11|4.175|100.525,2022-02-11,4.189889,100.548306,29.54,0.7000000000000001,-0.21,0.0,ok
2021-04-08|2.875|104.125,2021-04-08,2.874667,104.146833,29.38,0.19,-0.21,0.0,ok
2023-06-16|24.875|-80.575,2023-06-16,24.889444,-80.599833,30.080000000000002,1.61,0.44,0.0,ok
2025-04-09|2.225|104.125,2025-04-09,2.222944,104.134694,29.66,0.43,0.06,0.0,ok
2022-10-05|-28.175|153.525,2022-10-05,-28.162528,153.531111,22.21,1.03,-3.94,0.0,ok
2021-08-25|5.225|103.275,2021-08-25,5.235833,103.263000,29.57,0.9400000000000001,-0.09,0.0,ok
2024-08-12|5.775|103.025,2024-08-12,5.753889,103.028917,30.5,1.45,0.58,5.08,ok
2025-05-16|18.325|-65.575,2025-05-16,18.347389,-65.573139,27.67,0.5700000000000001,-0.88,0.0,ok
2024-10-05|-26.825|32.875,2024-10-05,-26.822889,32.895000,22.61,-0.14,-4.36,0.0,ok
2025-08-19|19.725|-156.075,2025-08-19,19.705972,-156.050944,27.21,0.2,-0.04,0.0,ok
2025-08-29|9.325|-82.225,2025-08-29,9.327556,-82.220333,29.23,1.07,0.77,0.35000000000000003,ok
2024-12-05|-8.725|115.875,2024-12-05,-8.725000,115.867500,29.67,1.27,0.98,5.62,ok
2025-02-07|-8.775|115.875,2025-02-07,-8.751389,115.893889,28.03,-0.42,-0.61,4.47,ok
2023-06-04|16.175|-61.125,2023-06-04,16.175139,-61.105583,28.34,1.21,0.1,0.0,ok
2024-02-17|25.625|56.325,2024-02-17,25.603694,56.347667,24.18,1.23,-8.26,0.0,ok
2025-06-25|6.475|117.925,2025-06-25,6.498250,117.927222,29.3,-0.05,-0.12,2.19,ok
2025-07-13|-8.675|115.475,2025-07-13,-8.683333,115.486111,28.1,1.18,-0.38,1.92,ok
2022-09-28|4.125|118.625,2022-09-28,4.115167,118.624778,29.92,1.08,0.68,0.15,ok
2021-02-13|-19.125|146.875,2021-02-13,-19.148333,146.870278,29.07,0.28,0.28,0.49,ok
2023-07-24|2.175|104.125,2023-07-24,2.184000,104.106833,29.07,0.25,-0.54,0.2,ok
2021-08-23|4.825|103.675,2021-08-23,4.812806,103.675944,29.490000000000002,1.03,-0.11,0.0,ok
2022-06-09|-16.375|145.575,2022-06-09,-16.383167,145.562667,26.07,1.96,-2.81,0.0,ok
2021-08-09|25.325|34.725,2021-08-09,25.334222,34.744583,30.89,2.47,2.27,2.43,ok
2023-06-14|2.675|103.875,2023-06-14,2.652528,103.883056,28.76,-0.53,-0.86,0.48,ok
2024-02-15|-8.675|115.525,2024-02-15,-8.676333,115.524028,29.490000000000002,1.06,0.9400000000000001,7.38,ok
2023-09-24|4.575|118.925,2023-09-24,4.555972,118.927111,29.580000000000002,0.81,0.35000000000000003,0.0,ok
2022-12-22|-8.675|115.525,2022-12-22,-8.676083,115.532167,29.0,0.53,0.45,0.66,ok
2024-10-02|-16.525|-151.725,2024-10-02,-16.542694,-151.740778,27.69,0.81,-1.25,0.0,vecino
2022-11-29|-23.425|151.925,2022-11-29,-23.443111,151.909389,25.400000000000002,0.38,-1.72,0.0,ok
2022-11-06|-23.425|151.925,2022-11-06,-23.434889,151.911000,23.79,-0.1,-3.33,0.0,ok
2021-08-30|25.025|-80.375,2021-08-30,25.043778,-80.368556,29.7,0.31,0.1,1.1500000000000001,ok
2025-07-02|6.525|117.925,2025-07-02,6.520389,117.929583,29.6,0.31,0.19,1.58,ok
2024-05-04|2.675|104.175,2024-05-04,2.668778,104.175306,30.87,1.34,1.28,2.86,ok
2023-02-05|-18.675|147.075,2023-02-05,-18.687233,147.096833,29.6,1.12,1.07,0.3,ok
2022-02-11|-19.175|146.825,2022-02-11,-19.198333,146.815167,29.5,0.68,0.67,7.0,ok
2024-12-17|-26.775|32.875,2024-12-17,-26.779611,32.899028,26.82,1.46,-0.15,0.0,ok
2024-12-11|-13.325|48.175,2024-12-11,-13.322111,48.161972,29.62,1.22,0.47000000000000003,0.0,ok
2024-12-14|6.975|117.025,2024-12-14,6.955750,117.010000,29.32,1.04,-0.45,0.0,ok
2024-06-29|4.125|118.625,2024-06-29,4.104306,118.635167,29.61,0.77,0.37,4.37,ok
2021-07-03|9.425|-76.175,2021-07-03,9.400861,-76.172667,29.69,0.64,0.62,0.0,ok
2025-07-25|-8.775|115.525,2025-07-25,-8.793889,115.526944,27.36,0.8,-1.11,1.3900000000000001,ok
2022-09-04|3.975|73.525,2022-09-04,3.995306,73.502139,27.82,-0.56,-1.86,0.0,ok
2023-10-23|2.475|103.975,2023-10-23,2.486389,103.952222,30.37,1.53,0.76,0.0,ok
2023-11-15|6.025|116.025,2023-11-15,6.008194,116.022028,30.94,1.67,0.87,0.0,ok
2021-08-23|-26.625|153.125,2021-08-23,-26.615028,153.112944,20.96,0.6900000000000001,-5.25,0.0,ok
2025-08-01|5.625|103.075,2025-08-01,5.615194,103.057222,30.37,1.3,0.5,0.0,ok
2025-06-10|17.225|-62.625,2025-06-10,17.210861,-62.621944,28.240000000000002,0.87,-0.12,0.0,ok
2022-09-15|-16.475|-151.775,2022-09-15,-16.499417,-151.783972,26.5,-0.21,-2.44,0.0,ok
2021-07-30|5.875|102.725,2021-07-30,5.884056,102.747028,30.060000000000002,0.78,0.09,0.15,ok
2021-01-26|-18.725|147.075,2021-01-26,-18.701217,147.099917,28.48,0.05,-0.07,0.0,ok
2022-03-18|2.925|104.125,2022-03-18,2.902306,104.102472,29.02,0.64,-0.5700000000000001,0.0,ok
2021-05-18|-16.475|-151.775,2021-05-18,-16.499028,-151.757333,28.66,0.38,-0.28,0.0,ok
2023-07-11|2.875|104.175,2023-07-11,2.874278,104.187556,29.3,0.46,-0.29,0.0,ok
2023-06-10|5.725|115.675,2023-06-10,5.712806,115.672444,30.71,0.79,0.72,0.3,ok
2022-09-19|2.475|103.975,2022-09-19,2.456806,103.971639,28.650000000000002,0.01,-0.96,0.0,ok
2024-03-19|4.025|100.525,2024-03-19,4.002694,100.546694,30.76,1.49,1.0,1.18,ok
2022-09-05|4.925|118.225,2022-09-05,4.907389,118.243250,29.57,0.66,-0.18,0.0,ok
2023-05-15|6.725|116.325,2023-05-15,6.719861,116.340889,29.76,0.26,-0.21,0.0,ok
2024-09-07|4.975|118.275,2024-09-07,4.963028,118.252750,30.03,1.11,0.29,0.0,vecino
2021-02-23|18.475|-77.925,2021-02-23,18.466361,-77.947361,27.240000000000002,0.5700000000000001,-2.06,0.0,ok
2021-11-07|-23.425|151.925,2021-11-07,-23.443111,151.909389,24.48,0.54,-2.64,0.0,ok
2024-05-24|2.675|103.875,2024-05-24,2.692580,103.879590,30.42,0.9,0.8,7.5600000000000005,ok
2025-02-01|19.625|-156.025,2025-02-01,19.643667,-156.015667,25.51,0.86,-1.73,0.0,ok
2022-10-02|5.775|102.925,2022-10-02,5.787500,102.902444,29.88,0.9400000000000001,-0.05,0.0,ok
2025-09-23|6.575|117.925,2025-09-23,6.562111,117.920167,30.2,0.92,0.8,0.0,ok
2025-08-24|20.075|-155.875,2025-08-24,20.080056,-155.867306,27.0,0.05,-0.18,0.0,ok
2024-12-13|7.025|116.725,2024-12-13,7.049444,116.744417,29.6,1.35,-0.27,0.0,ok
2022-05-08|-16.475|-151.775,2022-05-08,-16.457028,-151.775806,28.55,0.11,-0.39,0.0,ok
2021-08-27|5.625|103.175,2021-08-27,5.643583,103.151056,29.54,0.65,-0.31,0.0,ok
2025-10-13|3.925|73.475,2025-10-13,3.903694,73.457361,29.42,1.18,-0.25,0.0,ok
2022-12-16|7.075|117.025,2022-12-16,7.092722,117.025778,28.96,0.74,-0.8,0.0,ok
2024-08-18|2.475|103.975,2024-08-18,2.476028,103.965361,29.54,1.02,-0.07,0.0,ok
2021-11-20|-8.675|115.475,2021-11-20,-8.684917,115.465611,29.17,0.93,0.6900000000000001,0.33,ok
2023-03-25|11.325|-60.575,2023-03-25,11.325667,-60.594556,26.59,0.19,-1.8800000000000001,0.0,ok
2021-12-09|-16.475|-151.775,2021-12-09,-16.499028,-151.757333,28.150000000000002,0.4,-0.79,0.0,ok
2022-08-24|6.525|117.925,2022-08-24,6.520389,117.929583,29.650000000000002,0.36,0.24,0.92,ok
2021-03-24|-16.575|-151.775,2021-03-24,-16.551472,-151.778389,29.26,0.38,0.32,0.0,ok
2024-03-09|22.675|39.025,2024-03-09,22.679722,39.021111,25.26,0.61,-5.39,0.0,ok
2025-02-20|-8.725|115.875,2025-02-20,-8.746611,115.892361,28.76,0.36,0.07,1.2,ok
2023-02-18|-8.325|116.025,2023-02-18,-8.337639,116.037639,28.09,-0.37,-0.98,0.45,ok
2025-05-13|-8.675|115.525,2025-05-13,-8.676389,115.530028,29.580000000000002,1.44,1.03,2.08,ok
2023-11-04|5.175|115.125,2023-11-04,5.179944,115.148139,30.8,1.57,1.05,2.2600000000000002,ok
2023-07-31|5.775|103.025,2023-07-31,5.799500,103.016944,29.91,0.77,-0.01,1.44,ok
2022-09-05|4.925|118.275,2022-09-05,4.923972,118.266722,29.55,0.64,-0.19,0.0,ok
2026-01-27|9.575|-79.675,2026-01-27,9.565056,-79.695500,27.79,0.9400000000000001,-0.71,0.0,ok
2024-05-17|4.225|118.625,2024-05-17,4.248694,118.625472,30.47,1.25,1.24,3.17,ok
2024-07-06|4.825|103.675,2024-07-06,4.815528,103.680389,29.97,1.03,0.37,9.34,ok
2022-10-16|-18.625|147.075,2022-10-16,-18.613000,147.068550,27.150000000000002,1.84,-1.35,0.0,ok
2021-09-19|-16.475|-151.775,2021-09-19,-16.499417,-151.783972,26.71,-0.04,-2.23,0.0,ok
2022-03-21|2.875|104.175,2022-03-21,2.874278,104.187556,29.21,0.74,-0.38,0.0,ok
2025-12-23|18.325|-65.575,2025-12-23,18.348361,-65.572889,27.82,1.19,-0.73,4.3,ok
2023-06-11|4.225|118.625,2023-06-11,4.237028,118.627361,29.12,0.04,-0.11,2.72,ok
2025-03-04|-16.525|-151.725,2025-03-04,-16.534778,-151.729861,29.46,0.68,0.52,0.0,vecino
2022-10-01|-4.525|129.925,2022-10-01,-4.513056,129.944722,29.0,1.75,-0.18,0.0,ok
2022-09-18|2.425|103.975,2022-09-18,2.444528,103.988500,28.82,0.19,-0.79,0.0,ok
2023-07-14|6.075|100.025,2023-07-14,6.056194,100.035944,30.76,0.9400000000000001,0.39,1.17,ok
2024-07-18|-8.675|115.475,2024-07-18,-8.682308,115.483022,28.060000000000002,1.23,-0.42,0.87,ok
2024-07-26|25.675|-79.325,2024-07-26,25.662611,-79.307667,30.27,0.93,0.81,1.04,ok
2021-02-25|-27.325|153.225,2021-02-25,-27.347222,153.243167,26.73,0.93,0.43,0.3,ok
2025-04-18|19.625|-156.025,2025-04-18,19.646694,-156.019778,25.51,0.84,-1.73,0.0,ok
2024-05-07|5.725|115.675,2024-05-07,5.708611,115.653250,31.060000000000002,1.6600000000000001,1.07,1.42,ok
2024-05-14|4.575|118.575,2024-05-14,4.564639,118.593194,30.63,1.23,1.22,4.53,ok
2022-12-11|14.425|-60.875,2022-12-11,14.446806,-60.892306,27.55,0.27,-0.79,0.15,ok
2024-11-09|-4.525|129.875,2024-11-09,-4.512000,129.890028,29.39,0.53,0.21,0.0,ok
2025-06-05|-16.475|-151.775,2025-06-05,-16.457028,-151.775806,28.76,0.92,-0.18,0.0,ok
2023-07-08|2.925|104.125,2023-07-08,2.914861,104.108444,29.650000000000002,0.78,0.06,0.0,ok
2025-10-09|3.475|72.825,2025-10-09,3.494639,72.823278,29.78,1.42,0.26,0.0,ok
2023-06-14|2.625|103.875,2023-06-14,2.648111,103.886944,28.82,-0.47000000000000003,-0.8,0.48,ok
2022-06-04|5.225|103.275,2022-06-04,5.208833,103.269500,29.72,0.27,0.06,0.17,ok
2023-09-14|4.975|118.275,2023-09-14,4.967111,118.264028,30.23,1.27,0.49,0.0,vecino
2021-08-14|10.325|-75.575,2021-08-14,10.301111,-75.587222,29.43,0.36,0.36,0.0,ok
2021-06-18|18.425|-76.975,2021-06-18,18.409806,-76.978806,28.54,0.32,-0.67,0.0,ok
2025-04-19|-8.325|116.025,2025-04-19,-8.337639,116.037639,29.55,0.51,0.48,0.0,ok
2024-09-17|2.525|103.975,2024-09-17,2.536750,103.969972,29.37,0.75,-0.23,0.0,ok
2021-04-10|2.775|104.125,2021-04-10,2.792389,104.123028,29.63,0.33,0.04,0.0,ok
2024-02-13|-8.375|116.025,2024-02-13,-8.357222,116.042889,29.580000000000002,1.12,0.55,6.33,ok
2024-09-26|19.725|-156.075,2024-09-26,19.732222,-156.059639,27.09,-0.1,-0.16,0.0,ok
2023-05-16|6.725|116.325,2023-05-16,6.706472,116.334722,29.95,0.43,-0.02,0.0,ok
2022-05-28|-20.075|148.925,2022-05-28,-20.065806,148.948111,25.23,1.06,-2.96,1.95,ok
2021-11-03|5.725|115.675,2021-11-03,5.712806,115.672444,30.23,0.96,0.24,0.0,ok
2021-12-11|14.475|-60.925,2021-12-11,14.461639,-60.925361,27.84,0.54,-0.52,3.39,vecino
2021-03-19|-18.525|146.475,2021-03-19,-18.544333,146.488575,29.02,1.12,0.23,0.15,ok
2024-07-10|4.825|118.275,2024-07-10,4.812000,118.289361,30.060000000000002,1.21,0.33,9.620000000000001,ok
2021-11-05|4.925|118.175,2021-11-05,4.908500,118.177389,30.55,1.41,0.8,0.0,vecino
2025-12-03|-16.475|-151.775,2025-12-03,-16.499028,-151.757333,27.64,-0.05,-1.3,0.0,ok
2024-05-02|5.725|102.975,2024-05-02,5.746917,102.999833,30.990000000000002,1.24,1.07,1.09,ok
2021-03-19|13.325|-81.425,2021-03-19,13.328056,-81.411694,27.07,0.33,-1.37,0.0,ok
2022-08-22|2.575|103.975,2022-08-22,2.552444,103.960306,28.98,0.46,-0.62,0.0,ok
2025-06-25|2.525|103.975,2025-06-25,2.548556,103.960028,29.35,0.23,-0.25,0.0,ok
2022-02-19|-26.675|153.225,2022-02-19,-26.654217,153.200951,25.94,-0.2,-0.29,0.31,ok
2024-05-21|2.725|104.125,2024-05-21,2.732139,104.135417,30.240000000000002,0.73,0.65,5.11,ok
2025-02-27|19.625|-156.025,2025-02-27,19.647333,-156.022917,25.36,0.78,-1.8800000000000001,0.0,ok
2025-12-04|-13.325|48.175,2025-12-04,-13.319167,48.160556,29.41,1.23,0.26,0.0,ok
2025-05-30|14.525|-61.075,2025-05-30,14.521111,-61.096194,28.09,0.8,-0.36,0.0,ok
2023-10-15|-20.075|148.875,2023-10-15,-20.082280,148.890766,24.37,-0.28,-3.84,0.0,ok
2021-08-15|10.325|-75.575,2021-08-15,10.312278,-75.585833,29.59,0.52,0.52,0.0,ok
2024-11-17|21.725|39.075,2024-11-17,21.732139,39.068778,30.25,1.06,-0.39,3.14,vecino
2023-05-16|2.475|104.525,2023-05-16,2.477528,104.504528,30.09,0.46,0.45,0.15,ok
2023-12-13|-8.675|115.475,2023-12-13,-8.664639,115.468000,29.46,1.01,0.98,0.77,ok
2024-08-07|4.575|118.775,2024-08-07,4.585444,118.785917,29.82,1.25,0.54,2.47,ok
2023-09-24|-4.525|129.775,2023-09-24,-4.527389,129.766000,27.01,0.01,-2.17,0.0,ok
2025-06-19|2.425|103.975,2025-06-19,2.442389,103.973083,29.43,0.22,-0.18,0.0,ok
2023-10-08|2.525|103.975,2023-10-08,2.515556,103.977528,29.42,0.65,-0.18,0.0,ok
2023-10-15|-20.025|148.875,2023-10-15,-20.039000,148.875833,24.46,-0.23,-3.7600000000000002,0.0,ok
2025-05-29|-16.525|-151.725,2025-05-29,-16.529667,-151.728194,28.62,0.6,-0.32,0.0,vecino
2023-11-14|6.025|116.025,2023-11-14,6.041389,116.019722,30.86,1.59,0.79,0.0,ok
2024-04-20|2.925|104.125,2024-04-20,2.914861,104.108444,30.75,1.29,1.16,0.5,ok
2024-10-17|-8.325|116.025,2024-10-17,-8.337639,116.037639,28.91,0.77,-0.16,0.0,ok
2022-09-27|2.475|103.975,2022-09-27,2.493778,103.954306,28.72,0.03,-0.89,0.0,ok
2022-09-18|2.475|103.975,2022-09-18,2.458389,103.979306,28.79,0.16,-0.8200000000000001,0.0,ok
2021-03-02|-27.375|153.225,2021-03-02,-27.399142,153.233027,27.35,1.74,1.09,0.77,ok
2023-11-02|4.575|118.575,2023-11-02,4.564639,118.593194,30.66,1.76,1.25,1.6,ok
2024-06-21|2.575|103.925,2024-06-21,2.560556,103.947694,29.8,0.62,0.19,7.57,ok
2021-09-07|4.625|118.825,2021-09-07,4.628306,118.835194,29.88,1.1500000000000001,0.61,0.0,ok
2021-04-01|4.225|118.625,2021-04-01,4.242167,118.625250,29.47,0.9,0.24,0.0,ok
2022-07-06|5.825|102.625,2022-07-06,5.830472,102.616028,30.17,0.58,0.17,0.22,ok
2025-12-23|19.725|-156.075,2025-12-23,19.706778,-156.050028,26.310000000000002,0.96,-0.9400000000000001,0.0,ok
2023-02-21|-8.375|116.025,2023-02-21,-8.357222,116.042889,28.2,-0.26,-0.8300000000000001,0.3,ok
2024-05-17|5.225|103.275,2024-05-17,5.224472,103.260972,30.830000000000002,1.19,1.17,4.88,ok
2022-07-05|18.825|-66.675,2022-07-05,18.825278,-66.670556,28.23,0.44,-0.28,0.0,ok
2024-09-30|5.825|102.875,2024-09-30,5.802472,102.893556,30.0,1.06,0.06,0.0,ok
2022-03-11|4.025|100.525,2022-03-11,4.022389,100.547889,30.0,0.8300000000000001,0.24,0.0,ok
2024-03-19|3.975|100.525,2024-03-19,3.994167,100.534139,30.77,1.49,1.01,1.19,ok
2021-11-21|-16.925|145.975,2021-11-21,-16.925140,145.990480,28.080000000000002,0.71,-0.6900000000000001,0.0,ok
2025-04-15|-8.725|115.475,2025-04-15,-8.700682,115.468290,29.47,0.99,0.99,0.58,vecino
2022-10-02|2.525|103.975,2022-10-02,2.527806,103.972028,29.03,0.3,-0.5700000000000001,0.0,ok
2024-11-07|5.975|115.975,2024-11-07,5.970778,115.994306,30.5,1.21,0.44,0.0,ok
2022-10-23|-19.125|146.875,2022-10-23,-19.148333,146.870278,27.57,1.53,-1.22,0.0,ok
2022-12-16|7.025|117.025,2022-12-16,7.034583,117.003111,28.94,0.72,-0.8200000000000001,0.0,ok
2021-09-11|2.475|103.975,2021-09-11,2.456806,103.971639,28.900000000000002,0.3,-0.71,0.0,ok
2024-05-15|2.575|104.325,2024-05-15,2.596667,104.327250,30.810000000000002,1.21,1.21,4.5600000000000005,ok
2024-05-13|2.475|104.525,2024-05-13,2.472806,104.508028,30.95,1.33,1.31,3.66,ok
2023-08-26|5.575|103.075,2023-08-26,5.598889,103.064194,30.19,1.27,0.34,0.0,ok
2021-02-12|27.175|33.975,2021-02-12,27.186694,33.983833,23.56,1.3900000000000001,-4.51,0.0,ok
2025-02-27|-8.775|115.875,2025-02-27,-8.750472,115.891333,29.080000000000002,0.72,0.44,0.0,ok
2021-10-02|-16.525|-151.725,2021-10-02,-16.542694,-151.740778,27.04,0.16,-1.9000000000000001,0.0,vecino
2024-12-15|-26.825|32.875,2024-12-15,-26.813444,32.894611,26.48,1.19,-0.49,0.0,ok
2023-09-12|2.575|103.925,2023-09-12,2.558500,103.942306,28.84,0.23,-0.77,0.0,ok
2024-05-28|5.975|116.025,2024-05-28,5.967778,116.012611,30.990000000000002,1.21,0.92,4.34,ok
2021-12-01|-20.075|148.875,2021-12-01,-20.082280,148.890766,27.97,1.09,-0.24,0.0,ok
2022-05-22|6.375|116.325,2022-05-22,6.368444,116.318944,30.060000000000002,0.35000000000000003,0.0,0.0,ok
2024-07-06|27.175|33.975,2024-07-06,27.186694,33.983833,29.26,2.63,1.19,1.54,ok
2024-10-10|4.275|73.475,2024-10-10,4.268917,73.495000,28.900000000000002,0.67,-0.76,0.0,ok
2023-06-10|5.725|115.625,2023-06-10,5.720222,115.644806,30.740000000000002,0.8300000000000001,0.76,0.6,ok
2021-09-08|4.625|118.775,2021-09-08,4.602250,118.768167,29.85,1.1,0.55,0.0,ok
2025-07-13|19.675|-156.025,2025-07-13,19.692500,-156.046250,26.46,0.11,-0.78,0.0,vecino
2024-05-12|2.575|104.325,2024-05-12,2.570611,104.321778,30.84,1.26,1.24,4.03,ok
2023-04-18|18.375|-68.825,2023-04-18,18.363540,-68.841261,27.13,0.46,-1.41,0.0,vecino
2021-09-16|4.125|118.625,2021-09-16,4.107500,118.636278,29.57,0.78,0.33,0.0,ok
2025-07-03|12.175|109.325,2025-07-03,12.191470,109.340970,28.85,0.6900000000000001,-0.06,2.45,ok
2022-11-09|6.525|117.925,2022-11-09,6.500556,117.920278,29.45,0.43,0.04,0.0,ok
2023-03-27|11.325|-60.575,2023-03-27,11.338389,-60.550028,26.61,0.19,-1.86,0.0,ok
2025-05-26|19.725|-156.075,2025-05-26,19.703389,-156.050111,26.330000000000002,0.9400000000000001,-0.92,0.0,ok
2025-08-21|6.525|117.925,2025-08-21,6.504861,117.921389,29.57,0.28,0.16,0.0,ok
2023-02-13|-4.525|129.925,2023-02-13,-4.513056,129.944722,28.45,-0.31,-0.73,2.88,ok
2021-08-11|25.225|34.825,2021-08-11,25.237250,34.800139,30.86,2.2800000000000002,2.16,3.27,ok
2022-08-27|2.475|103.975,2022-08-27,2.490667,103.955722,28.810000000000002,0.26,-0.8,0.0,ok
2025-08-05|2.525|103.975,2025-08-05,2.536750,103.969972,28.87,0.25,-0.73,0.0,ok
2025-10-06|-16.575|-151.725,2025-10-06,-16.552583,-151.732556,27.42,0.51,-1.52,0.0,ok
2023-03-27|11.375|-60.525,2023-03-27,11.354167,-60.527556,26.72,0.29,-1.76,0.0,ok
2024-07-17|2.225|104.075,2024-07-17,2.231000,104.052167,29.27,0.37,-0.33,3.97,ok
2022-09-17|-16.525|-151.725,2022-09-17,-16.535278,-151.728444,26.53,-0.19,-2.41,0.0,vecino
2024-07-23|16.275|-85.575,2024-07-23,16.277222,-85.558056,29.14,1.29,0.44,0.63,ok
2024-08-04|6.475|117.925,2024-08-04,6.498250,117.927222,30.310000000000002,1.04,0.89,0.46,ok
2023-05-13|5.925|102.725,2023-05-13,5.910611,102.709806,31.07,1.1400000000000001,1.12,0.46,ok
2024-08-20|6.175|118.125,2024-08-20,6.163417,118.108056,29.94,0.6900000000000001,0.6,1.59,ok
2023-11-27|-16.525|-151.725,2023-11-27,-16.533639,-151.734333,27.79,0.16,-1.1500000000000001,0.0,vecino
2021-01-27|-19.125|146.875,2021-01-27,-19.122694,146.881361,28.53,-0.23,-0.26,0.49,ok
2022-11-11|-18.575|146.475,2022-11-11,-18.576900,146.466867,27.400000000000002,0.43,-1.3900000000000001,0.0,ok
2024-08-06|5.775|103.075,2024-08-06,5.773278,103.059222,30.22,1.1400000000000001,0.31,6.3,ok
2022-11-26|-23.425|151.925,2022-11-26,-23.433667,151.924944,25.17,0.3,-1.95,0.0,ok
2022-05-18|2.575|104.325,2022-05-18,2.596667,104.327250,29.95,0.39,0.35000000000000003,0.59,ok
2023-11-21|7.075|117.225,2023-11-21,7.081278,117.247861,29.8,1.03,0.15,0.93,ok
2025-06-14|4.225|118.625,2025-06-14,4.231389,118.633611,29.8,0.73,0.5700000000000001,2.41,ok
2026-05-13|-8.675|115.525,2026-05-13,-8.676667,115.528333,29.580000000000002,1.44,1.03,4.51,ok
2024-08-21|2.475|103.975,2024-08-21,2.472972,103.962778,29.51,0.98,-0.1,0.0,ok
2024-04-27|6.725|116.325,2024-04-27,6.701222,116.338556,30.560000000000002,1.68,0.59,0.0,ok
2022-07-21|5.825|103.025,2022-07-21,5.817667,103.010361,29.41,0.19,-0.51,0.0,ok
2024-06-10|2.425|103.975,2024-06-10,2.435444,103.993500,30.04,0.72,0.43,7.45,ok
2024-10-01|-4.575|129.875,2024-10-01,-4.554167,129.860556,28.53,1.27,-0.64,0.0,ok
2025-10-15|-8.675|115.525,2025-10-15,-8.675556,115.535278,29.18,1.92,0.63,0.0,ok
2022-09-08|2.525|103.975,2022-09-08,2.517778,103.978361,28.91,0.32,-0.6900000000000001,0.0,ok
2021-04-06|2.825|104.125,2021-04-06,2.810000,104.136500,29.67,0.54,0.08,0.0,ok
2022-09-07|5.975|116.025,2022-09-07,5.990556,116.040278,29.810000000000002,0.39,-0.26,0.0,ok
2023-11-03|4.575|118.625,2023-11-03,4.574222,118.604222,30.47,1.61,1.1,1.43,ok
2025-11-23|19.375|-155.875,2025-11-23,19.378417,-155.898611,26.560000000000002,0.3,-0.63,0.0,ok
2024-05-03|2.775|104.125,2024-05-03,2.792389,104.123028,30.94,1.3900000000000001,1.35,2.87,ok
2023-07-22|-8.775|115.875,2023-07-22,-8.751389,115.893889,27.69,0.75,-0.9500000000000001,0.0,ok
2024-07-02|2.525|103.975,2024-07-02,2.547750,103.961694,29.67,0.64,0.07,6.11,ok
2022-07-05|-8.375|116.025,2022-07-05,-8.357222,116.042889,29.150000000000002,1.34,0.12,3.81,ok
2024-03-20|4.075|100.525,2024-03-20,4.057500,100.539694,30.66,1.3800000000000001,0.91,1.2,ok
2022-09-18|-16.475|-151.775,2022-09-18,-16.499417,-151.783972,26.41,-0.33,-2.5300000000000002,0.0,ok
2022-10-02|2.475|103.925,2022-10-02,2.488778,103.949389,29.09,0.36,-0.52,0.0,ok
2023-05-13|5.925|102.775,2023-05-13,5.923556,102.758306,31.1,1.18,1.16,0.48,ok
2022-03-19|2.775|104.125,2022-03-19,2.792389,104.123028,29.36,0.87,-0.23,0.0,ok
2022-07-21|5.625|103.175,2022-07-21,5.643583,103.151056,29.45,0.35000000000000003,-0.4,0.0,ok
2021-08-12|-26.775|153.175,2021-08-12,-26.751678,153.157861,20.51,0.46,-5.71,0.0,ok
2024-06-03|24.475|-80.375,2024-06-03,24.499444,-80.384167,29.04,1.31,-0.36,0.0,ok
2021-04-05|2.925|104.125,2021-04-05,2.910833,104.112556,29.580000000000002,0.52,-0.01,0.0,ok
2025-12-09|-13.325|48.175,2025-12-09,-13.322111,48.161972,29.35,1.01,0.2,0.0,ok
2024-07-19|5.725|102.975,2024-07-19,5.746917,102.999833,30.080000000000002,0.84,0.16,8.96,ok
2022-09-01|10.125|99.825,2022-09-01,10.117222,99.813056,30.45,1.76,0.32,0.0,ok
2025-09-18|2.575|103.975,2025-09-18,2.553250,103.958139,28.900000000000002,0.27,-0.7000000000000001,0.0,ok
2024-10-06|-26.825|32.875,2024-10-06,-26.812806,32.893667,22.43,-0.33,-4.54,0.0,ok
2021-04-21|-8.725|115.925,2021-04-21,-8.711639,115.926917,28.900000000000002,0.29,0.22,0.0,ok
2025-12-27|19.975|-155.875,2025-12-27,19.959436,-155.859813,26.05,0.84,-1.17,0.0,ok
2023-12-09|14.425|-60.875,2023-12-09,14.446806,-60.892306,28.45,1.12,0.11,11.32,ok
2025-05-10|18.475|-66.175,2025-05-10,18.474306,-66.189056,27.85,0.99,-0.68,0.0,ok
2023-11-04|5.225|115.125,2023-11-04,5.225861,115.141111,30.79,1.57,1.04,2.27,ok
2025-12-07|-16.475|-151.775,2025-12-07,-16.457028,-151.775806,28.02,0.29,-0.92,0.0,ok
2021-08-27|5.575|103.075,2021-08-27,5.598889,103.064194,29.68,0.76,-0.17,0.0,ok
2025-08-26|9.325|-82.225,2025-08-26,9.326222,-82.224083,29.2,1.08,0.74,0.86,ok
2022-07-18|-26.625|153.125,2022-07-18,-26.615000,153.112778,19.26,-1.28,-6.95,0.0,ok
2022-09-06|4.925|118.225,2022-09-06,4.920778,118.201278,29.54,0.62,-0.21,0.0,ok
2023-04-10|-27.925|153.425,2023-04-10,-27.942219,153.420955,25.240000000000002,0.67,-0.81,0.0,ok
2021-11-02|4.975|118.275,2021-11-02,4.950861,118.257889,30.44,1.31,0.7000000000000001,0.0,vecino
2024-05-25|2.675|103.925,2024-05-25,2.673400,103.904400,30.240000000000002,0.74,0.63,7.15,ok
2024-09-14|-26.825|32.875,2024-09-14,-26.820889,32.898167,22.580000000000002,0.21,-4.39,0.0,ok
2022-09-27|-27.475|153.375,2022-09-27,-27.500000,153.375250,21.35,0.48,-4.74,0.0,ok
2022-08-02|6.725|116.325,2022-08-02,6.721583,116.348417,30.53,0.99,0.56,0.0,ok
2021-09-29|6.025|116.025,2021-09-29,6.041389,116.019722,29.830000000000002,0.47000000000000003,-0.24,0.0,ok
2021-02-13|-19.725|149.175,2021-02-13,-19.745648,149.182677,28.29,0.13,0.12,0.0,ok
2022-08-12|4.575|118.925,2022-08-12,4.555972,118.927111,29.48,0.93,0.25,0.0,ok
2022-12-11|14.475|-60.925,2022-12-11,14.461639,-60.925361,27.57,0.27,-0.79,0.15,vecino
2022-03-28|-26.625|153.175,2022-03-28,-26.645000,153.160806,25.830000000000002,0.63,-0.39,0.15,ok
2021-05-13|-8.725|115.875,2021-05-13,-8.749500,115.894528,29.0,0.63,0.31,0.0,ok
2023-10-31|2.525|103.975,2023-10-31,2.514139,103.977111,30.59,1.74,0.99,0.14,ok
2025-09-13|4.575|118.575,2025-09-13,4.564639,118.593194,29.93,1.08,0.52,0.0,ok
2023-06-20|4.125|118.625,2023-06-20,4.118944,118.634250,29.82,0.8300000000000001,0.58,2.2600000000000002,ok
2024-11-04|-16.525|-151.725,2024-11-04,-16.533639,-151.734333,27.5,0.18,-1.44,0.0,vecino
2021-04-10|18.425|-69.675,2021-04-10,18.436556,-69.689222,26.740000000000002,0.2,-1.76,0.0,ok
2022-06-03|5.225|103.275,2022-06-03,5.235833,103.263000,29.53,0.07,-0.13,0.17,ok
2023-05-15|5.925|102.725,2023-05-15,5.912028,102.744889,31.02,1.07,1.07,0.61,ok
2021-09-15|4.125|118.625,2021-09-15,4.118833,118.629083,29.71,0.92,0.47000000000000003,0.0,ok
2021-10-29|6.075|100.025,2021-10-29,6.056194,100.035944,30.3,1.37,-0.07,0.0,ok
2022-10-01|-16.525|-151.775,2022-10-01,-16.539667,-151.788722,26.62,-0.25,-2.32,0.0,ok
2023-02-06|-26.675|153.125,2023-02-06,-26.683585,153.135379,26.89,0.79,0.68,0.14,ok
2024-05-10|-16.475|-151.725,2024-05-10,-16.479556,-151.720389,29.0,0.58,0.06,3.19,ok
2021-06-09|-20.075|148.925,2021-06-09,-20.065806,148.948111,23.66,0.26,-4.53,0.0,ok
2022-03-17|2.875|104.125,2022-03-17,2.876028,104.148028,29.02,0.66,-0.5700000000000001,0.0,ok
2021-10-17|5.725|102.975,2021-10-17,5.746917,102.999833,30.05,1.1,0.13,0.0,ok
2024-06-23|-26.825|32.875,2024-06-23,-26.829833,32.897000,24.13,0.9500000000000001,-2.84,0.0,ok
2022-07-06|5.225|115.125,2022-07-06,5.238361,115.118417,30.14,0.54,0.39,0.0,ok
2025-08-31|19.675|-156.025,2025-08-31,19.685722,-156.035028,26.94,-0.17,-0.3,0.0,vecino
2021-09-07|4.625|118.775,2021-09-07,4.632222,118.796639,29.92,1.17,0.62,0.0,ok
2025-08-13|-8.675|115.525,2025-08-13,-8.675556,115.535278,27.57,0.98,-0.98,0.15,ok
2023-11-23|7.025|117.475,2023-11-23,7.043861,117.465167,29.66,0.93,0.11,1.8800000000000001,ok
2024-12-17|7.175|117.375,2024-12-17,7.189833,117.370222,29.19,1.02,-0.4,0.47000000000000003,ok
2024-06-11|2.425|103.975,2024-06-11,2.430389,103.978639,30.55,1.24,0.9400000000000001,7.45,ok
2022-06-03|15.875|-61.325,2022-06-03,15.872611,-61.310000,27.59,0.38,-0.7000000000000001,0.0,ok
2021-03-28|-27.375|153.575,2021-03-28,-27.390556,153.551111,26.29,1.11,0.04,2.04,ok
2024-04-20|2.925|104.075,2024-04-20,2.932444,104.096917,30.79,1.31,1.2,0.52,ok
2023-04-01|-16.525|-151.725,2023-04-01,-16.542694,-151.740778,29.490000000000002,0.66,0.55,0.0,vecino
2025-10-15|3.675|73.425,2025-10-15,3.661444,73.408028,29.12,0.86,-0.54,0.0,ok
2023-03-14|2.225|104.125,2023-03-14,2.218306,104.149833,27.46,-0.98,-2.14,0.0,ok
2021-04-10|2.725|104.125,2021-04-10,2.732139,104.135417,29.61,0.31,0.02,0.0,ok
2021-07-30|5.925|102.725,2021-07-30,5.931583,102.723167,30.09,0.8200000000000001,0.14,0.3,ok
2021-09-18|-16.525|-151.725,2021-09-18,-16.535278,-151.728444,26.75,0.02,-2.19,0.0,vecino
2025-04-25|19.675|-156.025,2025-04-25,19.685889,-156.034972,25.76,0.9500000000000001,-1.48,0.0,vecino
2025-09-27|19.575|-155.975,2025-09-27,19.592167,-155.972472,27.19,0.02,-0.04,0.0,ok
2021-11-06|-23.425|151.925,2021-11-06,-23.443806,151.913306,24.26,0.37,-2.86,0.0,ok
2021-01-22|-16.425|-151.775,2021-01-22,-16.448056,-151.765889,28.26,-0.08,-0.68,0.0,ok
2025-05-30|14.625|-61.125,2025-05-30,14.643306,-61.141667,28.080000000000002,0.77,-0.38,0.0,vecino
2022-08-23|-8.375|116.025,2022-08-23,-8.357222,116.042889,28.45,1.23,-0.58,0.0,ok
2022-10-14|-20.075|148.925,2022-10-14,-20.071150,148.924500,25.32,0.74,-2.87,0.0,ok
2023-11-21|7.225|117.375,2023-11-21,7.232889,117.384972,29.72,0.97,0.13,1.52,ok
2023-09-03|4.275|73.025,2023-09-03,4.265556,73.001611,29.03,0.54,-0.56,0.0,ok
2026-03-17|-8.325|116.025,2026-03-17,-8.337639,116.037639,28.66,0.12,-0.41000000000000003,0.0,ok
2023-06-18|11.275|-74.225,2023-06-18,11.272972,-74.206750,28.95,1.16,0.48,1.18,ok
2023-08-11|6.525|117.925,2023-08-11,6.520972,117.915722,30.41,1.1300000000000001,1.0,4.99,ok
2023-05-11|13.375|-81.375,2023-05-11,13.384444,-81.387500,28.45,0.88,0.02,0.0,ok
2021-11-21|-16.425|-151.775,2021-11-21,-16.448056,-151.765889,27.76,0.19,-1.18,0.0,ok
2026-03-21|17.925|-71.675,2026-03-21,17.928000,-71.661806,27.240000000000002,0.5,-1.6600000000000001,0.0,ok
2024-08-08|4.625|118.775,2024-08-08,4.602250,118.768167,29.78,1.2,0.48,2.48,ok
2021-11-16|-24.125|152.725,2021-11-16,-24.111389,152.710611,25.21,0.76,-1.9000000000000001,0.0,ok
2025-05-27|-8.675|115.525,2025-05-27,-8.674722,115.512500,29.3,1.32,0.75,2.08,ok
2023-05-22|2.475|103.975,2023-05-22,2.458389,103.979306,29.37,-0.16,-0.24,0.48,ok
2023-09-11|4.925|118.275,2023-09-11,4.912333,118.254278,30.310000000000002,1.37,0.5700000000000001,0.0,ok
2022-03-12|-16.475|-151.775,2022-03-12,-16.499417,-151.783972,28.51,-0.39,-0.43,0.0,ok
2024-09-11|2.575|103.925,2024-09-11,2.560417,103.941028,29.47,0.87,-0.14,0.0,ok
2022-06-05|4.225|118.625,2022-06-05,4.248972,118.632083,29.77,0.66,0.54,0.0,ok
2025-12-08|-16.525|-151.775,2025-12-08,-16.506417,-151.783611,28.03,0.28,-0.91,0.0,ok
2022-10-18|6.525|117.925,2022-10-18,6.513889,117.924306,29.73,0.47000000000000003,0.32,0.0,ok
2024-07-20|5.775|103.025,2024-07-20,5.771694,103.039028,29.98,0.77,0.06,9.17,ok
2024-10-08|3.875|73.425,2024-10-08,3.893417,73.403222,28.93,0.66,-0.73,0.0,ok
2023-10-07|-16.525|-151.775,2023-10-07,-16.539667,-151.788722,26.88,-0.05,-2.06,0.0,ok
2024-06-09|18.375|-68.825,2024-06-09,18.365951,-68.848883,29.36,1.6600000000000001,0.8200000000000001,0.0,vecino
2024-07-11|4.925|118.225,2024-07-11,4.907389,118.243250,29.87,1.03,0.12,9.290000000000001,ok
2025-07-27|-8.675|115.525,2025-07-27,-8.676667,115.520278,27.580000000000002,0.77,-0.97,1.47,ok
2021-07-08|-27.375|153.225,2021-07-08,-27.388565,153.224549,18.17,-3.09,-8.09,0.0,ok
2025-08-04|19.675|-156.025,2025-08-04,19.667944,-156.029472,26.93,0.17,-0.31,0.0,vecino
2025-03-30|17.925|-71.675,2025-03-30,17.928000,-71.661806,27.88,0.99,-1.02,0.0,ok
2025-05-23|-16.475|-151.775,2025-05-23,-16.499028,-151.757333,28.740000000000002,0.58,-0.2,0.0,ok
2024-05-03|2.825|104.175,2024-05-03,2.816000,104.151028,31.0,1.47,1.41,2.87,ok
2022-03-19|2.675|104.175,2022-03-19,2.668778,104.175306,29.330000000000002,0.85,-0.26,0.0,ok
2023-03-01|3.975|100.525,2023-03-01,3.994167,100.534139,29.43,0.4,-0.33,0.0,ok
2022-07-05|5.225|115.125,2022-07-05,5.201861,115.142639,30.25,0.65,0.5,0.0,ok
2024-06-15|2.475|103.975,2024-06-15,2.490667,103.955722,30.17,0.92,0.56,7.53,ok
2025-12-11|21.025|-156.675,2025-12-11,21.000472,-156.667444,25.92,0.76,-0.9400000000000001,0.0,ok
2024-08-14|5.775|103.025,2024-08-14,5.761000,103.026389,30.52,1.48,0.6,4.76,ok
2025-04-03|-16.525|-151.725,2025-04-03,-16.535278,-151.728444,29.240000000000002,0.42,0.3,0.0,vecino
2023-11-22|7.225|116.825,2023-11-22,7.202167,116.845028,29.92,1.08,0.11,0.0,ok
2022-03-12|-8.325|116.025,2022-03-12,-8.337639,116.037639,29.400000000000002,0.91,0.33,0.0,ok
2021-09-03|2.025|102.325,2021-09-03,2.047806,102.335306,29.82,0.63,-0.21,0.0,ok
2024-09-08|6.475|117.875,2024-09-08,6.479083,117.890806,30.27,0.9500000000000001,0.8200000000000001,0.66,ok
2023-08-01|5.775|103.025,2023-08-01,5.761000,103.026389,29.89,0.76,-0.03,1.44,ok
2023-06-13|4.225|118.625,2023-06-13,4.231389,118.633611,29.5,0.43,0.27,2.72,ok
2023-01-13|16.325|-61.775,2023-01-13,16.301333,-61.772000,26.75,0.26,-1.68,0.0,ok
2022-09-07|4.925|118.275,2022-09-07,4.941556,118.282417,29.18,0.26,-0.56,0.0,ok
2024-04-27|6.725|116.375,2024-04-27,6.707556,116.372139,30.66,1.76,0.68,0.0,ok
2025-06-09|17.225|-62.675,2025-06-09,17.223111,-62.660639,28.36,0.98,-0.03,0.0,ok
2021-08-28|4.575|118.925,2021-08-28,4.581778,118.913250,29.67,1.04,0.44,0.0,ok
2021-09-24|5.975|116.025,2021-09-24,5.973889,116.012500,29.92,0.56,-0.15,0.0,ok
2021-08-16|2.175|104.125,2021-08-16,2.184000,104.106833,29.19,0.64,-0.42,0.0,ok
2021-09-11|2.425|103.975,2021-09-11,2.435444,103.993500,28.92,0.32,-0.6900000000000001,0.0,ok
2024-12-24|-26.775|32.925,2024-12-24,-26.776333,32.903972,26.86,1.28,-0.11,0.0,ok
2021-11-04|4.925|118.275,2021-11-04,4.912333,118.254278,30.51,1.3800000000000001,0.77,0.0,ok
2021-08-08|6.725|116.325,2021-08-08,6.712722,116.329528,30.46,0.92,0.49,0.0,ok
2024-05-28|18.325|-65.575,2024-05-28,18.347389,-65.573139,29.32,2.02,0.77,0.0,ok
2024-06-17|2.475|103.975,2024-06-17,2.495083,103.950028,30.23,1.0,0.62,7.53,ok
2023-11-26|6.775|116.625,2023-11-26,6.776000,116.616139,29.85,1.12,-0.11,0.0,ok
2024-03-06|-16.575|-151.725,2024-03-06,-16.552583,-151.732556,29.29,0.47000000000000003,0.35000000000000003,0.14,ok
2026-05-17|20.175|-155.925,2026-05-17,20.184222,-155.901972,26.2,1.17,-0.91,0.0,ok
2023-11-02|4.575|118.625,2023-11-02,4.559778,118.615167,30.580000000000002,1.72,1.21,1.28,ok
2022-10-01|5.775|102.875,2022-10-01,5.796778,102.899639,29.93,0.98,-0.01,0.0,ok
2024-07-10|4.775|118.375,2024-07-10,4.780694,118.382167,30.01,1.19,0.35000000000000003,9.76,ok
2023-09-06|3.825|72.775,2023-09-06,3.844822,72.751139,28.92,0.5,-0.61,0.0,ok
2022-10-06|4.575|118.775,2022-10-06,4.567972,118.758306,29.990000000000002,1.16,0.71,0.0,ok
2023-07-10|17.925|-71.675,2023-07-10,17.928000,-71.661806,29.830000000000002,1.5,0.93,0.0,ok
2025-12-10|-13.325|48.175,2025-12-10,-13.320333,48.154167,29.41,1.04,0.26,0.0,ok
2024-08-12|-8.675|115.525,2024-08-12,-8.676333,115.524028,27.57,0.97,-0.98,0.0,ok
2022-09-06|3.875|73.425,2022-09-06,3.893417,73.403222,27.84,-0.54,-1.82,0.0,ok
2025-02-12|-4.525|129.875,2025-02-12,-4.512000,129.890028,29.34,0.5700000000000001,0.16,4.32,ok
2022-06-07|4.225|118.675,2022-06-07,4.201556,118.689861,29.94,0.85,0.72,0.0,ok
2024-05-08|2.825|104.175,2024-05-08,2.816000,104.151028,30.73,1.17,1.1400000000000001,3.71,ok
2024-09-06|2.475|103.925,2024-09-06,2.492472,103.947056,29.330000000000002,0.75,-0.28,0.0,ok
2023-06-16|5.225|103.275,2023-06-16,5.235833,103.263000,29.75,0.44,0.09,0.48,ok
2023-09-05|-16.475|-151.775,2023-09-05,-16.499417,-151.783972,26.84,0.17,-2.1,0.0,ok
2023-09-01|2.475|103.975,2023-09-01,2.473611,103.964472,28.61,0.05,-1.0,0.0,ok
2024-12-22|-26.825|32.875,2024-12-22,-26.822417,32.896333,26.88,1.37,-0.09,0.0,ok
2025-04-08|-16.525|-151.725,2025-04-08,-16.549056,-151.703778,29.27,0.48,0.33,0.0,vecino
2021-08-17|2.225|104.075,2021-08-17,2.231000,104.052167,29.01,0.47000000000000003,-0.59,0.0,ok
2025-10-14|3.875|73.475,2025-10-14,3.884616,73.468356,29.28,1.05,-0.39,0.0,ok
2021-07-13|-27.375|153.225,2021-07-13,-27.399142,153.233027,18.16,-2.94,-8.1,0.0,ok
2024-02-29|18.375|-68.825,2024-02-29,18.365951,-68.848883,26.78,0.68,-1.76,0.0,vecino
2023-06-15|2.625|103.875,2023-06-15,2.644417,103.888111,29.25,-0.03,-0.37,0.48,ok
2021-07-17|5.775|103.075,2021-07-17,5.773278,103.059222,29.580000000000002,0.36,-0.33,0.15,ok
2025-12-05|24.075|-74.525,2025-12-05,24.087194,-74.529444,26.66,0.23,-2.12,3.0500000000000003,ok
2024-12-14|7.125|117.525,2024-12-14,7.119250,117.509250,29.21,0.98,-0.32,0.77,ok
2024-06-11|17.225|-62.625,2024-06-11,17.210861,-62.621944,29.52,2.14,1.16,0.78,ok
2023-07-10|6.525|117.925,2023-07-10,6.520389,117.929583,30.29,1.06,0.88,3.8200000000000003,ok
2023-09-07|2.475|103.925,2023-09-07,2.495750,103.947500,28.6,0.02,-1.01,0.0,ok
2025-05-07|2.475|104.525,2025-05-07,2.477528,104.504528,30.17,0.61,0.53,0.0,ok
2023-08-13|-28.175|153.525,2023-08-13,-28.162528,153.531111,21.19,0.93,-4.96,0.0,ok
2025-08-02|5.675|103.075,2025-08-02,5.666111,103.071278,30.37,1.29,0.48,0.0,ok
2025-09-03|2.475|103.975,2025-09-03,2.479222,103.956278,28.88,0.31,-0.73,0.0,ok
2026-04-18|-8.325|116.025,2026-04-18,-8.337639,116.037639,30.72,1.67,1.6500000000000001,1.43,ok
2022-05-06|10.125|99.725,2022-05-06,10.116333,99.728722,30.45,0.42,0.34,0.17,ok
2023-09-12|4.775|118.375,2023-09-12,4.780694,118.382167,30.1,1.18,0.44,0.0,ok
2025-07-17|-8.725|115.475,2025-07-17,-8.716389,115.456667,27.86,1.02,-0.62,1.92,vecino
2026-06-24|17.925|-87.925,2026-06-24,17.938472,-87.934861,,,,,sin_dato
2022-03-19|2.825|104.175,2022-03-19,2.816000,104.151028,29.22,0.81,-0.37,0.0,ok
2025-06-24|2.525|103.975,2025-06-24,2.537528,103.968417,29.29,0.15,-0.31,0.0,ok
2025-10-14|3.625|73.375,2025-10-14,3.619778,73.374139,29.36,1.09,-0.29,0.0,ok
2023-07-12|6.475|117.875,2023-07-12,6.479083,117.890806,30.400000000000002,1.17,0.9500000000000001,4.7700000000000005,ok
2023-03-11|-27.425|153.425,2023-03-11,-27.400694,153.437333,26.560000000000002,1.12,0.44,0.74,ok
2023-06-12|4.225|118.675,2023-06-12,4.218111,118.671889,29.18,0.11,-0.04,2.84,ok
2023-09-04|-26.825|153.125,2023-09-04,-26.803333,153.145556,21.03,0.68,-5.17,0.0,ok
2025-03-13|-5.625|120.425,2025-03-13,-5.609028,120.445139,30.02,1.16,0.75,0.0,ok
2024-12-17|7.075|117.225,2024-12-17,7.081278,117.247861,29.23,1.02,-0.42,0.3,ok
2023-07-07|17.175|-62.625,2023-07-07,17.160056,-62.630556,29.05,1.42,0.68,0.0,ok
2024-07-20|5.825|103.025,2024-07-20,5.817667,103.010361,30.0,0.78,0.08,9.38,ok
2023-04-15|-26.625|153.125,2023-04-15,-26.615028,153.112944,25.18,0.55,-1.03,0.43,ok
2025-04-11|5.225|103.275,2025-04-11,5.235167,103.261333,29.67,0.48,0.01,0.0,ok
2022-03-22|2.725|104.125,2022-03-22,2.732139,104.135417,29.310000000000002,0.7000000000000001,-0.28,0.0,ok
2022-12-06|-19.125|146.875,2022-12-06,-19.122683,146.881357,28.650000000000002,0.79,-0.14,0.0,ok
2022-02-28|-19.125|146.875,2022-02-28,-19.148333,146.870278,30.55,2.2,1.76,6.07,ok
2021-09-17|4.125|118.625,2021-09-17,4.104306,118.635167,29.76,0.96,0.52,0.0,ok
2021-07-16|5.725|102.975,2021-07-16,5.732778,102.997500,29.94,0.68,0.02,0.14,ok
2024-08-10|-8.675|115.525,2024-08-10,-8.673889,115.510833,27.72,1.09,-0.8300000000000001,0.0,ok
2025-12-19|19.575|-155.975,2025-12-19,19.559639,-155.966472,26.28,0.84,-0.9500000000000001,0.0,ok
2024-12-18|-26.825|32.875,2024-12-18,-26.822417,32.896333,26.89,1.51,-0.08,0.0,ok
2024-10-02|19.675|-156.025,2024-10-02,19.671694,-156.029861,26.95,-0.21,-0.29,0.0,vecino
2025-09-18|2.525|103.975,2025-09-18,2.549611,103.961417,28.900000000000002,0.27,-0.7000000000000001,0.0,ok
2023-11-04|-19.175|146.875,2023-11-04,-19.154306,146.866056,26.66,-0.09,-2.16,0.0,ok
2026-03-25|-8.725|115.925,2026-03-25,-8.730833,115.904167,28.26,-0.15,-0.42,0.0,ok
2025-09-15|4.775|118.375,2025-09-15,4.780694,118.382167,30.060000000000002,1.12,0.4,0.0,ok
2023-07-08|2.925|104.075,2023-07-08,2.932444,104.096917,29.62,0.76,0.03,0.14,ok
2025-07-13|19.725|-156.075,2025-07-13,19.740361,-156.055556,26.61,0.25,-0.64,0.0,ok
2022-03-10|-16.475|-151.775,2022-03-10,-16.499417,-151.783972,28.38,-0.49,-0.56,0.0,ok
2025-06-19|-8.725|115.575,2025-06-19,-8.706111,115.586111,28.64,0.98,0.09,1.94,ok
2021-08-15|2.325|104.125,2021-08-15,2.313167,104.125833,29.060000000000002,0.55,-0.54,0.0,ok
2022-05-28|16.425|-61.525,2022-05-28,16.431194,-61.542917,27.67,0.44,-0.66,0.0,ok
2023-03-25|11.275|-60.675,2023-03-25,11.294306,-60.671389,26.5,0.13,-1.95,0.0,ok
2023-10-03|-23.425|151.925,2023-10-03,-23.447194,151.911889,23.3,1.03,-3.8200000000000003,0.0,ok
2023-09-09|-16.575|-151.725,2023-09-09,-16.552583,-151.732556,26.98,0.32,-1.96,0.0,ok
2024-06-13|-8.675|115.525,2024-06-13,-8.676083,115.532167,28.01,0.22,-0.54,6.21,ok
2024-06-27|4.125|118.625,2024-06-27,4.107500,118.636278,29.75,0.88,0.51,4.37,ok
2024-08-08|4.675|118.675,2024-08-08,4.652556,118.664722,29.89,1.26,0.5,3.62,ok
2023-12-17|14.625|-61.125,2023-12-17,14.643306,-61.141667,28.01,0.76,-0.45,8.71,vecino
2024-07-10|4.925|118.275,2024-07-10,4.948778,118.257833,30.060000000000002,1.21,0.32,9.42,ok
2023-07-29|5.825|103.025,2023-07-29,5.817667,103.010361,29.93,0.77,0.01,1.6500000000000001,ok
2021-11-06|-26.625|153.175,2021-11-06,-26.648672,153.182933,22.900000000000002,0.02,-3.3200000000000003,0.0,ok
2021-04-09|2.725|104.225,2021-04-09,2.741528,104.217806,29.47,0.28,-0.12,0.0,ok
2025-07-26|19.675|-156.025,2025-07-26,19.670250,-156.029333,26.46,-0.14,-0.78,0.0,vecino
2022-08-18|10.125|99.725,2022-08-18,10.116333,99.728722,29.75,1.05,-0.36,0.0,ok
2025-04-15|-8.675|115.475,2025-04-15,-8.684917,115.465611,29.47,0.99,0.99,0.58,ok
2022-08-31|-26.825|153.125,2022-08-31,-26.803333,153.145556,19.92,-0.36,-6.28,0.0,ok
2025-10-31|19.325|-155.875,2025-10-31,19.313000,-155.888444,26.990000000000002,0.21,-0.2,0.0,ok
2024-07-27|2.475|103.925,2024-07-27,2.495750,103.947500,29.37,0.63,-0.24,2.45,ok
2022-12-01|-16.425|-151.775,2022-12-01,-16.448056,-151.765889,27.64,-0.04,-1.3,0.0,ok
2022-12-13|7.225|117.375,2022-12-13,7.232889,117.384972,29.01,0.75,-0.58,0.0,ok
2021-10-26|6.525|117.925,2021-10-26,6.513444,117.905611,29.93,0.76,0.52,0.62,ok
2025-06-27|2.575|103.925,2025-06-27,2.560833,103.946250,29.25,0.15,-0.36,0.0,ok
2024-04-20|5.875|102.725,2024-04-20,5.884056,102.747028,31.2,1.52,1.23,0.18,ok
2024-12-15|7.175|116.875,2024-12-15,7.190056,116.880083,29.5,1.27,-0.3,0.0,ok
2023-08-13|-27.975|153.425,2023-08-13,-27.986694,153.433389,20.91,0.68,-5.16,0.0,ok
2026-05-29|20.075|-155.875,2026-05-29,20.080056,-155.867306,25.96,0.63,-1.22,0.0,ok
2023-07-12|2.725|104.225,2023-07-12,2.741528,104.217806,29.310000000000002,0.46,-0.28,0.0,ok
2025-04-25|19.725|-156.075,2025-04-25,19.704722,-156.050139,25.79,1.01,-1.46,0.0,ok
2024-12-21|-26.775|32.925,2024-12-21,-26.784472,32.902750,26.72,1.23,-0.25,0.0,ok
2023-05-15|5.875|102.775,2023-05-15,5.886028,102.770278,31.04,1.09,1.09,0.76,ok
2023-10-11|-8.375|116.025,2023-10-11,-8.357222,116.042889,28.47,0.54,-0.56,0.0,ok
2022-07-06|5.175|115.125,2022-07-06,5.191000,115.135694,30.13,0.53,0.38,0.15,ok
2024-11-18|21.725|39.075,2024-11-18,21.732139,39.068778,30.28,1.1500000000000001,-0.36,2.95,vecino
2024-08-14|6.575|117.925,2024-08-14,6.552056,117.924694,30.12,0.84,0.72,1.2,ok
2024-11-10|-16.525|-151.775,2024-11-10,-16.506417,-151.783611,28.3,0.89,-0.64,0.0,ok
2021-05-26|18.075|-77.975,2021-05-26,18.099944,-77.986139,28.53,0.35000000000000003,-0.6900000000000001,0.0,ok
2024-04-20|5.925|102.725,2024-04-20,5.910611,102.709806,31.13,1.46,1.18,0.17,ok
2023-09-07|-26.775|153.175,2023-09-07,-26.751667,153.157861,21.32,0.85,-4.9,0.0,ok
2022-12-08|6.775|116.625,2022-12-08,6.776000,116.616139,29.35,0.97,-0.61,0.0,ok
2023-07-29|9.775|-75.775,2023-07-29,9.779167,-75.750278,30.82,1.44,1.33,5.47,ok
2021-08-30|10.075|99.825,2021-08-30,10.066417,99.841472,29.8,1.1,-0.35000000000000003,0.0,ok
2023-09-27|18.375|-68.825,2023-09-27,18.365951,-68.848883,30.36,1.87,1.82,9.94,vecino
2023-06-26|18.375|-65.725,2023-06-26,18.389694,-65.728861,29.07,1.46,0.52,0.0,ok
2024-09-05|6.575|117.925,2024-09-05,6.562111,117.920167,29.89,0.62,0.49,1.04,ok
2023-09-04|2.475|103.975,2023-09-04,2.476028,103.965361,28.7,0.13,-0.91,0.0,ok
2022-10-04|4.575|118.775,2022-10-04,4.585444,118.785917,29.98,1.1500000000000001,0.7000000000000001,0.0,ok
2023-03-08|-8.675|115.575,2023-03-08,-8.685611,115.580028,28.3,-0.02,-0.3,0.32,ok
2023-06-28|2.475|103.975,2023-06-28,2.472972,103.962778,29.63,0.54,0.02,0.48,ok
2023-10-24|-26.375|153.125,2023-10-24,-26.362500,153.115000,23.1,0.63,-3.14,0.0,ok
2024-11-06|6.025|116.025,2024-11-06,6.008194,116.022028,30.27,0.97,0.2,0.0,ok
2025-06-09|-16.475|-151.725,2025-06-09,-16.479556,-151.720389,28.3,0.54,-0.64,0.0,ok
2023-05-23|-8.325|116.075,2023-05-23,-8.342611,116.062083,29.080000000000002,0.35000000000000003,0.01,0.15,ok
2024-09-27|19.675|-156.025,2024-09-27,19.691139,-156.040750,27.11,-0.07,-0.13,0.0,vecino
2022-09-04|2.675|103.875,2022-09-04,2.652528,103.883056,29.17,0.58,-0.45,0.0,ok
2025-12-04|24.075|-74.525,2025-12-04,24.074444,-74.546111,26.650000000000002,0.18,-2.13,3.2600000000000002,ok
2023-10-24|2.475|103.925,2023-10-24,2.488778,103.949389,30.22,1.3800000000000001,0.61,0.0,ok
2022-06-19|-19.175|146.825,2022-06-19,-19.171338,146.848462,22.67,0.1,-6.16,0.0,ok
2025-05-27|-8.375|116.025,2025-05-27,-8.357222,116.042889,29.900000000000002,1.28,0.87,0.15,ok
2022-07-18|4.275|113.825,2022-07-18,4.287222,113.819722,29.76,0.2,-0.1,0.0,ok
2025-09-13|4.925|118.275,2025-09-13,4.948694,118.251278,29.78,0.8300000000000001,0.04,0.0,ok
2025-06-25|6.525|117.925,2025-06-25,6.543639,117.920028,29.3,-0.04,-0.11,1.58,ok
2024-06-16|-16.475|-151.725,2024-06-16,-16.491778,-151.709972,28.05,0.46,-0.89,1.18,ok
2021-10-09|4.575|118.575,2021-10-09,4.564639,118.593194,30.07,1.1500000000000001,0.66,0.0,ok
2022-03-11|4.075|100.525,2022-03-11,4.057500,100.539694,30.01,0.84,0.26,0.0,ok
2026-05-23|-8.375|116.025,2026-05-23,-8.363917,116.034806,29.64,0.9500000000000001,0.61,3.94,ok
2025-05-06|19.675|-156.025,2025-05-06,19.667861,-156.029111,25.95,0.92,-1.29,0.0,vecino
2025-09-20|20.075|-155.825,2025-09-20,20.053667,-155.845806,26.990000000000002,-0.17,-0.19,0.0,vecino
2024-12-08|-26.825|32.875,2024-12-08,-26.829833,32.897000,25.88,0.86,-1.09,0.0,ok
2022-04-29|10.125|99.825,2022-04-29,10.116194,99.812861,30.78,0.8,0.65,0.16,ok
2023-09-06|2.475|103.975,2023-09-06,2.490667,103.955722,28.79,0.21,-0.8200000000000001,0.0,ok
2022-03-10|4.025|100.525,2022-03-10,4.011389,100.535111,29.900000000000002,0.74,0.14,0.0,ok
2021-08-16|-8.725|115.475,2021-08-16,-8.716015,115.457307,27.900000000000002,1.44,-0.58,0.0,vecino
2024-04-26|2.875|104.075,2024-04-26,2.898056,104.051667,31.19,1.67,1.61,1.53,ok
2021-06-26|-16.925|145.975,2021-06-26,-16.932250,145.986528,24.34,0.75,-4.43,0.0,ok
2025-06-11|17.225|-62.675,2025-06-11,17.217639,-62.660944,28.21,0.8200000000000001,-0.18,0.0,ok
2024-08-18|6.475|117.925,2024-08-18,6.486361,117.911167,30.1,0.8,0.68,0.8,ok
2024-11-21|7.025|117.075,2024-11-21,7.033778,117.073472,29.85,1.05,0.11,0.15,ok
2025-08-29|19.975|-155.875,2025-08-29,19.967528,-155.854639,26.95,-0.09,-0.27,0.0,ok
2021-04-02|4.225|118.625,2021-04-02,4.248972,118.632083,29.52,0.92,0.29,0.0,ok
2021-11-11|-23.425|151.925,2021-11-11,-23.440056,151.917306,25.07,0.9400000000000001,-2.05,0.0,ok
2025-07-13|-8.725|115.475,2025-07-13,-8.715000,115.456667,28.1,1.18,-0.38,1.92,vecino
2022-11-17|6.475|117.925,2022-11-17,6.498333,117.911361,29.25,0.34,-0.17,0.0,ok
2021-12-11|14.425|-60.875,2021-12-11,14.446806,-60.892306,27.84,0.56,-0.5,3.43,ok
2023-03-30|-16.525|-151.725,2023-03-30,-16.549056,-151.703778,29.44,0.6,0.5,0.0,vecino
2024-06-26|4.125|118.625,2024-06-26,4.118944,118.634250,29.740000000000002,0.85,0.5,4.37,ok
2025-10-15|5.775|102.875,2025-10-15,5.796778,102.899639,29.86,0.89,-0.08,0.0,ok
2022-09-07|6.025|116.025,2022-09-07,6.008194,116.022028,29.8,0.39,-0.27,0.0,ok
2023-05-21|2.475|103.975,2023-05-21,2.456806,103.971639,29.48,-0.06,-0.13,0.48,ok
2025-09-20|2.475|103.925,2025-09-20,2.488778,103.949389,29.330000000000002,0.6900000000000001,-0.28,0.0,ok
2021-09-29|5.975|116.025,2021-09-29,5.990556,116.040278,29.830000000000002,0.47000000000000003,-0.24,0.0,ok
2024-05-13|2.475|104.475,2024-05-13,2.459889,104.489306,30.96,1.35,1.33,3.69,ok
2021-04-11|18.425|-69.675,2021-04-11,18.426167,-69.682944,26.900000000000002,0.34,-1.6,0.0,ok
2022-07-21|5.725|102.975,2022-07-21,5.732778,102.997500,29.42,0.19,-0.5,0.0,ok
2023-07-03|4.225|118.675,2023-07-03,4.229472,118.680028,29.94,1.18,0.72,3.0,ok
2023-09-13|4.925|118.275,2023-09-13,4.948778,118.257833,30.16,1.21,0.42,0.0,ok
2022-10-06|-27.975|153.425,2022-10-06,-27.986694,153.433389,21.92,0.79,-4.15,0.0,ok
2025-12-13|20.625|-156.425,2025-12-13,20.613389,-156.437583,25.93,0.59,-1.1,0.0,vecino
2021-11-11|-23.475|151.925,2021-11-11,-23.451083,151.918167,25.11,0.97,-2.0100000000000002,0.0,ok
2022-09-11|-16.525|-151.725,2022-09-11,-16.542694,-151.740778,26.5,-0.18,-2.44,0.0,vecino
2024-06-11|14.425|-60.875,2024-06-11,14.446806,-60.892306,29.26,2.07,0.92,0.0,ok
2025-07-07|-8.725|115.425,2025-07-07,-8.731667,115.446944,28.060000000000002,1.17,-0.42,0.9400000000000001,ok
2023-11-26|6.875|116.875,2023-11-26,6.860861,116.861361,29.72,1.02,-0.12,0.0,ok
2024-11-14|-16.475|-151.775,2024-11-14,-16.457028,-151.775806,27.75,0.28,-1.19,0.0,ok
2025-08-06|2.575|103.975,2025-08-06,2.552444,103.960306,29.02,0.42,-0.58,0.0,ok
2022-07-28|25.025|-80.375,2022-07-28,25.043778,-80.369472,29.88,0.43,0.28,0.47000000000000003,ok
2021-12-04|-16.525|-151.725,2021-12-04,-16.533639,-151.734333,27.96,0.25,-0.98,0.0,vecino
2021-10-09|4.525|118.575,2021-10-09,4.549111,118.599139,30.04,1.12,0.66,0.0,ok
2025-07-26|-8.675|115.525,2025-07-26,-8.676389,115.525556,27.86,1.04,-0.6900000000000001,1.62,ok
2023-05-08|-16.525|-151.725,2023-05-08,-16.529667,-151.728194,28.76,0.31,-0.18,0.0,vecino
2023-11-27|6.875|117.375,2023-11-27,6.885861,117.382472,29.62,0.9500000000000001,0.02,2.84,ok
2024-05-11|-16.475|-151.775,2024-05-11,-16.457028,-151.775806,29.09,0.6900000000000001,0.15,3.22,ok
2022-10-19|6.525|117.925,2022-10-19,6.520972,117.915722,29.69,0.44,0.28,0.0,ok
2025-03-29|-16.575|-151.775,2025-03-29,-16.551472,-151.778389,29.39,0.54,0.45,0.0,ok
2022-12-13|7.075|117.075,2022-12-13,7.081333,117.054444,28.96,0.65,-0.77,0.0,ok
2025-05-28|-8.675|115.475,2025-05-28,-8.683611,115.483056,29.27,1.41,0.79,2.67,ok
2022-03-21|2.775|104.225,2022-03-21,2.779306,104.212667,29.16,0.7000000000000001,-0.43,0.0,ok
2024-05-23|-16.525|-151.725,2024-05-23,-16.533639,-151.734333,28.5,0.33,-0.44,3.04,vecino
2024-06-10|17.225|-62.675,2024-06-10,17.216972,-62.651667,29.52,2.13,1.1300000000000001,0.62,ok
2023-04-05|-26.625|153.175,2023-04-05,-26.635200,153.151800,26.21,1.26,-0.01,0.6,ok
2021-05-08|-8.725|115.925,2021-05-08,-8.711639,115.926917,28.900000000000002,0.48,0.22,0.0,ok
2022-07-21|5.675|103.075,2022-07-21,5.666111,103.071278,29.400000000000002,0.23,-0.49,0.0,ok
2022-07-21|5.575|103.075,2022-07-21,5.598889,103.064194,29.42,0.29,-0.43,0.0,ok
2021-03-24|-16.525|-151.775,2021-03-24,-16.539667,-151.788722,29.26,0.38,0.32,0.0,ok
2022-07-07|-8.675|115.475,2022-07-07,-8.684917,115.465611,28.37,1.28,-0.11,8.14,ok
2025-06-29|18.025|-67.175,2025-06-29,18.017667,-67.172806,28.64,0.49,-0.23,0.0,vecino
2024-09-03|14.525|-61.075,2024-09-03,14.521111,-61.096194,29.990000000000002,1.62,1.54,6.890000000000001,ok
2023-11-16|5.975|115.975,2023-11-16,5.970778,115.994306,30.61,1.36,0.55,0.0,ok
2024-02-21|18.375|-68.825,2024-02-21,18.363540,-68.841261,27.09,1.02,-1.45,0.0,vecino
2023-08-30|2.475|103.975,2023-08-30,2.481778,103.955694,28.91,0.35000000000000003,-0.7000000000000001,0.0,ok
2024-06-25|17.925|-87.925,2024-06-25,17.938472,-87.934861,29.66,1.3900000000000001,0.79,1.84,ok
2024-04-20|5.875|102.775,2024-04-20,5.886028,102.770278,31.18,1.51,1.23,0.18,ok
2021-05-23|-16.375|145.575,2021-05-23,-16.383167,145.562667,25.28,0.23,-3.6,0.0,ok
2022-09-03|-8.675|115.525,2022-09-03,-8.675861,115.533111,28.07,1.51,-0.48,0.0,ok
2021-09-30|-16.575|-151.725,2021-09-30,-16.552583,-151.732556,27.03,0.19,-1.9100000000000001,0.0,ok
2022-12-16|7.025|117.075,2022-12-16,7.033778,117.073472,28.900000000000002,0.67,-0.84,0.0,ok
2023-09-13|4.975|118.275,2023-09-13,4.963028,118.252750,30.16,1.21,0.42,0.0,vecino
2022-06-04|15.875|-61.625,2022-06-04,15.876389,-61.601667,27.650000000000002,0.32,-0.74,0.0,ok
2025-09-03|2.575|103.925,2025-09-03,2.558528,103.947083,28.89,0.32,-0.72,0.0,ok
2022-10-05|-28.175|153.575,2022-10-05,-28.194378,153.576610,22.48,1.26,-3.69,0.0,ok
2021-10-26|6.475|117.875,2021-10-26,6.479083,117.890806,30.04,0.86,0.59,0.61,ok
2023-08-05|6.475|117.925,2023-08-05,6.498333,117.911361,30.61,1.34,1.19,4.51,ok
2021-03-06|-27.425|153.425,2021-03-06,-27.400694,153.437333,26.900000000000002,1.32,0.78,1.52,ok
2024-05-08|2.825|104.125,2024-05-08,2.810194,104.136111,30.7,1.1400000000000001,1.11,3.77,ok
2025-08-22|9.325|-82.225,2025-08-22,9.327861,-82.223500,29.28,1.22,0.8200000000000001,1.03,ok
2024-05-01|5.925|102.725,2024-05-01,5.939083,102.722028,31.05,1.25,1.1,1.57,ok
2024-05-16|-8.675|115.525,2024-05-16,-8.676083,115.532167,29.080000000000002,0.98,0.53,8.23,ok
2022-03-21|2.775|104.175,2022-03-21,2.758361,104.199167,29.18,0.6900000000000001,-0.41000000000000003,0.0,vecino
2025-12-06|14.475|-60.925,2025-12-06,14.456472,-60.921000,28.01,0.58,-0.35000000000000003,7.9,vecino
2021-08-06|6.725|116.375,2021-08-06,6.720111,116.368417,30.27,0.72,0.29,0.0,ok
2022-12-30|-19.125|146.875,2022-12-30,-19.148333,146.870278,28.43,0.04,-0.36,0.64,ok
2023-07-19|6.525|117.925,2023-07-19,6.500556,117.920278,30.12,0.91,0.71,3.97,ok
2021-10-28|6.525|117.925,2021-10-28,6.520972,117.915722,29.66,0.51,0.25,0.47000000000000003,ok
2025-10-06|-16.525|-151.725,2025-10-06,-16.542389,-151.727028,27.39,0.47000000000000003,-1.55,0.0,vecino
2025-06-18|2.425|103.975,2025-06-18,2.430389,103.978639,29.48,0.26,-0.13,0.0,ok
2022-12-14|7.375|117.075,2022-12-14,7.356333,117.054722,28.92,0.6900000000000001,-0.8,0.0,ok
2026-02-10|-8.675|115.525,2026-02-10,-8.675556,115.535278,28.16,-0.27,-0.39,0.0,ok
2023-08-26|5.675|103.075,2023-08-26,5.666111,103.071278,30.14,1.19,0.25,0.0,ok
2024-06-01|-16.525|-151.725,2024-06-01,-16.529667,-151.728194,28.34,0.39,-0.6,3.04,vecino
2021-07-02|9.375|-76.175,2021-07-02,9.385972,-76.170111,29.66,0.62,0.6,0.0,ok
2021-03-23|-16.575|-151.725,2021-03-23,-16.552583,-151.732556,29.3,0.41000000000000003,0.36,0.0,ok
2023-06-02|16.425|-61.525,2023-06-02,16.431194,-61.542917,28.330000000000002,1.07,0.0,0.0,ok
2021-10-30|6.075|100.025,2021-10-30,6.060639,100.041194,30.11,1.17,-0.26,0.0,ok
2024-10-23|-16.525|-151.725,2024-10-23,-16.549056,-151.703778,27.63,0.5,-1.31,0.0,vecino
2025-09-27|-8.775|115.525,2025-09-27,-8.798250,115.527722,28.47,1.9100000000000001,0.0,0.0,ok
2025-05-29|14.425|-60.875,2025-05-29,14.446806,-60.892306,28.09,0.91,-0.25,0.0,ok
2025-07-06|17.925|-71.675,2025-07-06,17.928000,-71.661806,28.61,0.3,-0.29,0.0,ok
2024-08-17|4.575|118.975,2024-08-17,4.570194,118.956917,29.96,1.4000000000000001,0.74,0.31,ok
2022-07-05|5.175|115.125,2022-07-05,5.191250,115.141833,30.240000000000002,0.64,0.49,0.15,ok
2026-02-10|-8.375|116.025,2026-02-10,-8.357222,116.042889,28.14,-0.35000000000000003,-0.89,0.0,ok
2023-06-08|15.975|-61.725,2023-06-08,15.953917,-61.710361,28.88,1.47,0.44,0.0,ok
2024-06-29|6.075|100.075,2024-06-29,6.073139,100.057389,30.42,0.32,0.05,6.36,ok
2022-07-16|23.625|36.225,2022-07-16,23.600583,36.211389,30.52,1.02,0.23,0.0,ok
2024-11-04|2.475|103.975,2024-11-04,2.483472,103.956111,30.25,1.3800000000000001,0.64,0.0,ok
2021-08-17|12.525|-81.725,2021-08-17,12.531111,-81.738056,28.91,0.92,0.49,0.0,ok
2022-08-20|10.325|-75.575,2022-08-20,10.329444,-75.593333,29.57,0.53,0.5,0.47000000000000003,ok
2024-06-16|18.375|-68.825,2024-06-16,18.363540,-68.841261,29.53,1.7,0.99,0.3,vecino
2023-07-30|9.775|-75.725,2023-07-30,9.789400,-75.749000,31.080000000000002,1.68,1.57,6.24,ok
2023-11-18|9.425|-76.175,2023-11-18,9.402028,-76.162222,30.17,1.81,1.1,10.71,ok
2021-08-21|25.025|-80.375,2021-08-21,25.043778,-80.369472,30.22,0.7000000000000001,0.62,1.1500000000000001,ok
2025-12-07|-16.425|-151.775,2025-12-07,-16.448056,-151.765889,28.04,0.3,-0.9,0.0,ok
2025-04-12|18.475|-66.375,2025-04-12,18.492861,-66.395194,27.23,0.9,-1.31,0.0,ok
2022-05-17|2.575|104.325,2022-05-17,2.584444,104.336333,30.13,0.56,0.53,0.59,ok
2023-07-15|2.875|104.075,2023-07-15,2.898056,104.051667,29.17,0.41000000000000003,-0.41000000000000003,0.0,ok
2023-09-12|4.825|118.275,2023-09-12,4.812000,118.289361,30.26,1.32,0.53,0.0,ok
2021-10-30|6.075|100.075,2021-10-30,6.073139,100.057389,30.11,1.17,-0.26,0.0,ok
2024-08-03|5.675|103.075,2024-08-03,5.666111,103.071278,30.21,1.1300000000000001,0.32,6.7700000000000005,ok
2023-11-20|9.375|-76.175,2023-11-20,9.389111,-76.169500,29.91,1.57,0.85,10.950000000000001,ok
2023-05-12|5.925|102.725,2023-05-12,5.931583,102.723167,31.01,1.09,1.06,0.3,ok
2022-01-19|-27.325|153.225,2022-01-19,-27.344833,153.238778,27.29,1.01,0.99,0.0,ok
2022-02-11|6.075|100.025,2022-02-11,6.065861,100.043444,29.29,0.75,-1.08,0.0,ok
2021-06-10|10.075|99.825,2021-06-10,10.066417,99.841472,30.46,0.8,0.31,0.67,ok
2022-07-25|2.175|104.075,2022-07-25,2.187806,104.098139,29.64,0.8300000000000001,0.03,0.0,ok
2025-08-03|18.425|-69.675,2025-08-03,18.434833,-69.685222,29.02,0.91,0.52,0.0,ok
2023-07-09|6.475|117.925,2023-07-09,6.486361,117.911167,30.03,0.78,0.61,4.03,ok
2023-11-19|-16.525|-151.775,2023-11-19,-16.506417,-151.783611,27.44,-0.1,-1.5,0.0,ok
2023-08-27|2.525|103.975,2023-08-27,2.535111,103.968222,29.07,0.53,-0.53,0.0,ok
2022-03-21|2.725|104.225,2022-03-21,2.741528,104.217806,29.150000000000002,0.67,-0.44,0.0,ok
2022-10-17|6.475|117.925,2022-10-17,6.498250,117.927222,29.76,0.48,0.34,0.0,ok
2023-09-08|-16.525|-151.725,2023-09-08,-16.535278,-151.728444,26.82,0.15,-2.12,0.0,vecino
2022-06-15|-8.375|121.075,2022-06-15,-8.389358,121.062969,29.89,1.45,0.37,0.29,ok
2024-12-15|7.225|116.825,2024-12-15,7.202167,116.845028,29.53,1.3,-0.28,0.0,ok
2024-05-12|2.825|104.125,2024-05-12,2.810194,104.136111,30.89,1.31,1.3,4.5200000000000005,ok
2024-07-09|14.625|-61.125,2024-07-09,14.643306,-61.141667,28.98,1.3900000000000001,0.52,0.61,vecino
2024-03-11|-16.575|-151.775,2024-03-11,-16.551472,-151.778389,29.5,0.62,0.56,0.14,ok
2023-10-17|2.525|103.975,2023-10-17,2.524389,103.974250,29.82,1.0,0.22,0.0,ok
2021-05-16|11.325|-74.175,2021-05-16,11.313556,-74.194278,26.82,-0.48,-1.55,0.0,ok
2025-08-31|19.725|-156.075,2025-08-31,19.732583,-156.057778,26.84,-0.28,-0.41000000000000003,0.0,ok
2024-05-23|-16.475|-151.775,2024-05-23,-16.499028,-151.757333,28.51,0.35000000000000003,-0.43,3.08,ok
2026-05-24|19.675|-156.025,2026-05-24,19.667944,-156.029472,26.29,0.92,-0.9500000000000001,0.0,vecino
2023-07-11|2.775|104.175,2023-07-11,2.758361,104.199167,29.25,0.41000000000000003,-0.34,0.0,vecino
2023-12-10|22.575|39.075,2023-12-10,22.599167,39.056667,29.09,1.61,-1.6,2.58,ok
2024-10-14|-26.825|32.875,2024-10-14,-26.819278,32.895000,23.47,0.56,-3.5,0.0,ok
2022-03-18|2.925|104.075,2022-03-18,2.932444,104.096917,29.05,0.63,-0.54,0.0,ok
2025-07-23|6.525|117.925,2025-07-23,6.520972,117.915722,30.21,0.99,0.8,1.43,ok
2024-12-07|14.475|-60.925,2024-12-07,14.456472,-60.921000,28.93,1.53,0.5700000000000001,19.09,vecino
2022-02-10|6.075|100.025,2022-02-10,6.060639,100.041194,29.18,0.65,-1.19,0.0,ok
2024-06-28|6.075|100.075,2024-06-28,6.071556,100.051111,30.740000000000002,0.62,0.37,6.36,ok
2024-07-30|2.575|103.925,2024-07-30,2.558500,103.942306,29.42,0.73,-0.19,1.75,ok
2025-12-06|-16.525|-151.775,2025-12-06,-16.529528,-151.772278,27.96,0.23,-0.98,0.0,ok
2023-06-06|15.875|-61.625,2023-06-06,15.876389,-61.601667,28.44,1.1,0.05,0.0,ok
2021-05-27|18.375|-78.325,2021-05-27,18.360889,-78.343278,28.47,0.24,-0.89,0.0,ok
2024-05-16|2.575|103.925,2024-05-16,2.561222,103.942778,30.740000000000002,1.1400000000000001,1.1300000000000001,7.390000000000001,ok
2022-12-08|6.875|116.875,2022-12-08,6.860861,116.861361,29.25,0.85,-0.59,0.0,ok
2023-09-30|-16.525|-151.725,2023-09-30,-16.549056,-151.703778,26.650000000000002,-0.2,-2.29,0.0,vecino
2023-05-14|2.575|104.325,2023-05-14,2.579361,104.315750,30.21,0.62,0.61,0.0,ok
2025-06-06|17.175|-62.625,2025-06-06,17.155167,-62.629889,28.38,1.02,0.01,0.0,ok
2022-09-29|4.125|118.625,2022-09-29,4.111778,118.624917,30.080000000000002,1.24,0.84,0.15,ok
2021-07-15|5.775|102.975,2021-07-15,5.788361,102.992611,29.8,0.52,-0.12,0.0,ok
2024-08-03|5.575|103.075,2024-08-03,5.598889,103.064194,30.21,1.18,0.36,6.890000000000001,ok
2022-11-27|-23.475|151.925,2022-11-27,-23.454806,151.923806,25.18,0.26,-1.94,0.0,ok
2023-09-25|18.375|-68.875,2023-09-25,18.369111,-68.852472,30.19,1.69,1.6600000000000001,9.870000000000001,ok
2022-09-21|2.575|103.975,2022-09-21,2.551556,103.958417,28.650000000000002,0.0,-0.9500000000000001,0.0,ok
2021-01-13|-8.675|115.525,2021-01-13,-8.675111,115.514528,28.62,0.17,0.07,1.4000000000000001,ok
2023-07-14|17.175|-62.625,2023-07-14,17.155167,-62.629889,28.95,1.25,0.58,0.0,ok
2022-10-16|6.475|117.875,2022-10-16,6.479083,117.890806,29.85,0.56,0.4,0.15,ok
2023-07-12|2.675|104.175,2023-07-12,2.668778,104.175306,29.25,0.4,-0.34,0.0,ok
2026-06-02|13.125|-59.625,2026-06-02,13.130972,-59.640056,27.8,0.56,-0.55,0.0,vecino
2022-05-18|-16.525|-151.725,2022-05-18,-16.529667,-151.728194,28.36,0.07,-0.58,0.0,vecino
2024-03-16|-16.525|-151.775,2024-03-16,-16.539667,-151.788722,30.12,1.19,1.18,0.32,ok
2023-03-02|4.025|100.525,2023-03-02,4.012194,100.544889,29.37,0.32,-0.39,0.0,ok
2023-09-11|2.025|102.325,2023-09-11,2.049056,102.333694,29.8,0.63,-0.23,0.0,ok
2021-08-16|2.175|104.075,2021-08-16,2.187806,104.098139,29.17,0.61,-0.44,0.0,ok
2023-01-19|-8.675|115.475,2023-01-19,-8.682308,115.483022,28.09,-0.35000000000000003,-0.39,0.79,ok
2022-12-14|7.175|116.875,2022-12-14,7.190056,116.880083,28.92,0.66,-0.88,0.0,ok
2025-12-28|19.425|-155.925,2025-12-28,19.423610,-155.911930,26.03,0.8,-1.18,0.0,ok
2025-09-20|2.525|103.975,2025-09-20,2.515556,103.977528,29.26,0.62,-0.34,0.0,ok
2025-06-14|18.425|-66.025,2025-06-14,18.447861,-66.015611,28.1,0.64,-0.43,0.0,ok
2023-07-29|5.725|102.975,2023-07-29,5.746917,102.999833,29.91,0.74,-0.01,1.23,ok
2022-02-11|6.075|100.075,2022-02-11,6.071556,100.051111,29.240000000000002,0.73,-1.1300000000000001,0.0,ok
2021-05-14|-8.725|115.925,2021-05-14,-8.711639,115.926917,28.86,0.51,0.18,0.0,ok
2023-06-19|18.325|-65.325,2023-06-19,18.331111,-65.313611,29.22,1.61,0.77,0.0,ok
2022-07-23|5.775|102.975,2022-07-23,5.788361,102.992611,29.73,0.51,-0.19,0.0,ok
2022-06-25|-26.625|153.125,2022-06-25,-26.615028,153.112944,20.5,-0.86,-5.71,0.0,ok
2023-11-28|-16.525|-151.775,2023-11-28,-16.529528,-151.772278,27.96,0.32,-0.98,0.0,ok
2023-08-10|6.525|117.925,2023-08-10,6.513889,117.924306,30.400000000000002,1.12,0.99,4.84,ok
2024-08-14|5.725|102.975,2024-08-14,5.732778,102.997500,30.54,1.49,0.62,4.67,ok
2025-10-10|-16.525|-151.775,2025-10-10,-16.539667,-151.788722,27.42,0.46,-1.52,0.0,ok
2025-08-01|5.575|103.075,2025-08-01,5.598889,103.064194,30.36,1.32,0.51,0.0,ok
2025-05-06|2.425|104.525,2025-05-06,2.441806,104.509528,30.060000000000002,0.5,0.4,0.0,ok
2021-11-03|5.725|115.625,2021-11-03,5.705028,115.628417,30.28,1.03,0.3,0.0,ok
2021-07-30|5.875|102.775,2021-07-30,5.886028,102.770278,30.05,0.79,0.1,0.15,ok
2023-11-24|7.075|117.025,2023-11-24,7.078444,117.029528,29.59,0.85,-0.17,0.16,ok
2021-04-03|4.225|118.625,2021-04-03,4.248694,118.625472,29.560000000000002,0.93,0.33,0.0,ok
2025-06-25|17.825|-87.975,2025-06-25,17.833889,-87.993917,28.79,0.48,-0.11,0.15,ok
2021-03-24|6.725|116.325,2021-03-24,6.706528,116.316694,28.14,0.89,-1.83,0.0,ok
2023-05-15|5.875|102.725,2023-05-15,5.884056,102.747028,31.05,1.08,1.08,0.61,ok
2025-10-08|2.475|103.975,2025-10-08,2.480917,103.956250,29.35,0.58,-0.26,0.0,ok
2024-11-16|-4.525|129.975,2024-11-16,-4.530278,129.952500,30.150000000000002,1.03,0.96,0.0,ok
2024-07-16|2.175|104.075,2024-07-16,2.187806,104.098139,29.41,0.49,-0.2,4.08,ok
2021-12-19|-26.675|153.125,2021-12-19,-26.683585,153.135379,26.23,1.43,0.02,0.0,ok
2023-07-29|5.775|102.975,2023-07-29,5.788361,102.992611,29.93,0.75,0.01,1.43,ok
2022-05-15|-16.525|-151.725,2022-05-15,-16.533639,-151.734333,28.36,0.0,-0.58,0.0,vecino
2023-10-05|4.325|113.875,2023-10-05,4.343333,113.897500,30.060000000000002,1.0,0.21,0.16,ok
2021-03-23|6.725|116.375,2021-03-23,6.707556,116.372139,28.2,0.99,-1.78,0.0,ok
2022-10-04|6.475|117.925,2022-10-04,6.486361,117.911167,29.900000000000002,0.6,0.48,0.0,ok
2024-05-12|2.875|104.125,2024-05-12,2.876028,104.148028,30.95,1.37,1.36,4.68,ok
2023-04-11|-27.475|153.375,2023-04-11,-27.500000,153.375250,24.04,-0.15,-2.05,2.65,ok
2022-03-20|-16.575|-151.775,2022-03-20,-16.551472,-151.778389,28.830000000000002,-0.08,-0.11,0.0,ok
2025-02-27|19.675|-156.025,2025-02-27,19.691333,-156.042306,25.36,0.78,-1.8800000000000001,0.0,vecino
2023-05-22|2.875|104.125,2023-05-22,2.876028,104.148028,29.68,0.17,0.09,0.0,ok
2021-01-19|-26.625|153.175,2021-01-19,-26.645000,153.160806,26.3,0.42,0.08,0.0,ok
2021-08-18|2.425|101.875,2021-08-18,2.426972,101.855528,29.94,0.53,-0.21,0.0,vecino
2024-08-03|5.625|103.075,2024-08-03,5.610111,103.063000,30.21,1.1500000000000001,0.34,6.7700000000000005,ok
2025-07-08|11.625|109.175,2025-07-08,11.608260,109.156910,27.61,-0.44,-1.34,0.29,ok
2023-11-06|2.125|102.325,2023-11-06,2.109111,102.322611,30.71,1.77,0.66,0.0,ok
2024-06-11|2.475|103.975,2024-06-11,2.458389,103.979306,30.52,1.22,0.91,7.53,ok
2022-08-23|2.575|103.975,2022-08-23,2.553250,103.958139,29.310000000000002,0.79,-0.29,0.0,ok
2025-06-25|2.575|103.975,2025-06-25,2.551556,103.958417,29.34,0.23,-0.26,0.0,ok
2025-06-17|-8.675|115.525,2025-06-17,-8.676667,115.528333,29.14,1.42,0.59,2.23,ok
2023-06-11|16.175|-61.475,2023-06-11,16.199861,-61.489806,28.92,1.6400000000000001,0.58,0.0,ok
2021-05-18|-16.525|-151.775,2021-05-18,-16.529528,-151.772278,28.63,0.35000000000000003,-0.31,0.0,ok
2022-03-20|2.825|104.125,2022-03-20,2.810000,104.136500,29.2,0.7000000000000001,-0.39,0.0,ok
2023-10-03|-23.475|151.925,2023-10-03,-23.451083,151.918167,23.23,0.98,-3.89,0.0,ok
2024-11-11|-16.525|-151.725,2024-11-11,-16.529667,-151.728194,28.18,0.75,-0.76,0.0,vecino
2023-10-21|-16.575|-151.775,2023-10-21,-16.551472,-151.778389,27.17,0.08,-1.77,0.0,ok
2025-12-09|-8.675|115.475,2025-12-09,-8.662972,115.465444,29.37,0.9500000000000001,0.89,0.33,ok
2025-08-06|2.475|103.925,2025-08-06,2.492472,103.947056,29.09,0.47000000000000003,-0.52,0.0,ok
2023-11-22|7.375|117.075,2023-11-22,7.356333,117.054722,29.740000000000002,0.98,0.02,0.15,ok
2025-11-09|5.625|-77.425,2025-11-09,5.630889,-77.411806,27.95,0.98,0.43,3.2600000000000002,ok
2021-11-10|-23.425|151.925,2021-11-10,-23.442500,151.920111,25.07,0.99,-2.05,0.0,ok
2025-12-06|19.725|-156.075,2025-12-06,19.736028,-156.053917,26.080000000000002,0.24,-1.17,0.0,ok
2023-07-23|2.325|104.125,2023-07-23,2.313167,104.125833,29.080000000000002,0.28,-0.52,0.0,ok
2023-06-16|4.225|118.625,2023-06-16,4.234111,118.637583,29.66,0.62,0.43,2.72,ok
2024-06-13|2.475|103.975,2024-06-13,2.480917,103.956250,30.28,1.01,0.67,7.53,ok
2022-10-14|-20.075|148.875,2022-10-14,-20.082280,148.890766,25.3,0.71,-2.91,0.0,ok
2022-03-09|3.975|100.525,2022-03-09,3.994167,100.534139,29.7,0.55,-0.06,0.0,ok
2023-08-01|5.775|103.075,2023-08-01,5.773278,103.059222,29.85,0.74,-0.06,1.48,ok
2023-03-01|4.175|100.525,2023-03-01,4.189889,100.548306,29.490000000000002,0.44,-0.26,0.0,ok
2025-08-07|2.525|103.975,2025-08-07,2.518528,103.974833,29.080000000000002,0.48,-0.52,0.0,ok
2025-09-18|2.575|103.925,2025-09-18,2.558500,103.942306,28.94,0.3,-0.67,0.0,ok
2023-10-15|-16.525|-151.725,2023-10-15,-16.542389,-151.727028,27.34,0.33,-1.6,0.0,vecino
2025-11-16|17.925|-71.675,2025-11-16,17.928000,-71.661806,28.97,0.45,0.07,9.98,ok
2021-01-16|-8.675|115.475,2021-01-16,-8.663333,115.466944,28.6,0.16,0.12,1.59,ok
2021-03-23|6.725|116.325,2021-03-23,6.701222,116.338556,28.2,1.01,-1.77,0.0,ok
2022-08-04|-8.675|115.525,2022-08-04,-8.676333,115.524028,27.98,1.27,-0.5700000000000001,3.27,ok
2025-06-30|12.175|109.225,2025-06-30,12.182861,109.225250,28.25,0.05,-0.65,2.31,ok
2022-08-13|4.575|118.975,2022-08-13,4.570194,118.956917,29.47,0.92,0.25,0.0,ok
2024-09-07|4.925|118.175,2024-09-07,4.908500,118.177389,29.96,1.05,0.21,0.0,vecino
2024-03-04|2.075|102.325,2024-03-04,2.082222,102.333056,28.88,0.5,-1.16,0.0,ok
2022-03-22|-16.525|-151.725,2022-03-22,-16.542694,-151.740778,28.59,-0.3,-0.35000000000000003,0.0,vecino
2022-12-09|7.075|117.225,2022-12-09,7.081278,117.247861,29.25,0.85,-0.4,0.0,ok
2023-03-09|-8.675|115.525,2023-03-09,-8.671833,115.503111,28.47,0.16,-0.08,0.16,ok
2022-09-08|3.525|72.875,2022-09-08,3.522222,72.899167,27.8,-0.62,-1.73,0.0,ok
2023-12-01|-16.525|-151.725,2023-12-01,-16.529667,-151.728194,28.07,0.4,-0.87,0.0,vecino
2025-06-09|19.725|-156.075,2025-06-09,19.732222,-156.059639,26.23,0.6,-1.02,0.0,ok
2022-09-06|3.875|73.475,2022-09-06,3.885611,73.468611,27.79,-0.58,-1.8800000000000001,0.0,ok
2021-11-17|-8.725|115.475,2021-11-17,-8.716015,115.457307,29.72,1.5,1.24,0.33,vecino
2023-04-11|-27.475|153.325,2023-04-11,-27.470139,153.349111,23.76,-0.37,-2.33,3.49,ok
2024-09-22|17.925|-71.675,2024-09-22,17.928000,-71.661806,30.32,1.46,1.42,8.65,ok
2023-03-27|-16.575|-151.775,2023-03-27,-16.551472,-151.778389,29.28,0.42,0.34,0.0,ok
2023-09-24|4.525|118.925,2023-09-24,4.504194,118.941722,29.53,0.76,0.31,0.0,ok
2024-12-08|14.425|-60.875,2024-12-08,14.446806,-60.892306,28.810000000000002,1.45,0.47000000000000003,19.0,ok
2021-03-19|13.375|-81.425,2021-03-19,13.352417,-81.407361,27.07,0.33,-1.36,0.0,ok
2022-11-08|6.575|117.925,2022-11-08,6.552056,117.924694,29.41,0.39,0.01,0.0,ok
2023-11-14|-26.825|32.875,2023-11-14,-26.829833,32.897000,23.48,-0.63,-3.49,0.0,ok
2023-04-05|-26.625|153.125,2023-04-05,-26.615028,153.112944,26.05,1.11,-0.16,0.43,ok
2023-07-08|6.475|117.925,2023-07-08,6.498250,117.927222,30.11,0.85,0.6900000000000001,4.03,ok
2023-09-20|6.575|117.925,2023-09-20,6.552083,117.935694,30.32,1.05,0.92,3.0300000000000002,ok
2024-11-05|-16.475|-151.775,2024-11-05,-16.499028,-151.757333,27.28,-0.06,-1.6600000000000001,0.0,ok
2023-08-01|5.725|102.975,2023-08-01,5.732778,102.997500,29.93,0.79,0.01,1.23,ok
2022-09-02|-8.675|115.475,2022-09-02,-8.682308,115.483022,28.0,1.55,-0.48,0.0,ok
2025-06-03|-16.525|-151.775,2025-06-03,-16.506417,-151.783611,28.54,0.65,-0.4,0.0,ok
